[
  {
    "id": "9a69ab5e-2691-4d3f-bd31-b80461877103",
    "data": [
      {
        "text": "I want to listen to baby it\u0027s cold outside",
        "userDefined": false
      }
    ],
    "isTemplate": false,
    "count": 0,
    "updated": 0
  },
  {
    "id": "a4d2ab48-28b9-42ac-94c9-bc42f09600b3",
    "data": [
      {
        "text": "I\u0027m have a meeting tomorrow",
        "userDefined": false
      }
    ],
    "isTemplate": false,
    "count": 0,
    "updated": 0
  },
  {
    "id": "115881e4-8ecb-4b76-a746-cb5f6f7c1ad1",
    "data": [
      {
        "text": "what a beautiful morning",
        "userDefined": false
      }
    ],
    "isTemplate": false,
    "count": 0,
    "updated": 0
  },
  {
    "id": "4cf75bf6-7fa9-43e4-ad66-bdd6ec31ae43",
    "data": [
      {
        "text": "I love hicking",
        "userDefined": false
      }
    ],
    "isTemplate": false,
    "count": 0,
    "updated": 0
  },
  {
    "id": "4c661361-2db3-4ceb-9c11-81288a9c481e",
    "data": [
      {
        "text": "play don\u0027t rain on my parade",
        "userDefined": false
      }
    ],
    "isTemplate": false,
    "count": 0,
    "updated": 0
  },
  {
    "id": "b8f9e8eb-e6bc-4828-b01b-6a1b51f97240",
    "data": [
      {
        "text": "don\u0027t show me the weather",
        "userDefined": false
      }
    ],
    "isTemplate": false,
    "count": 0,
    "updated": 0
  },
  {
    "id": "9c38d1e7-0cf0-40a9-b4bc-272d9ca7b1d1",
    "data": [
      {
        "text": "no weather please",
        "userDefined": false
      }
    ],
    "isTemplate": false,
    "count": 0,
    "updated": 0
  }
]