[
  {
    "id": "d5980469-45cd-4876-b8af-cfe831b7086f",
    "data": [
      {
        "text": "что насчёт ",
        "userDefined": false
      },
      {
        "text": "плавания",
        "alias": "activity",
        "meta": "@activity",
        "userDefined": true
      }
    ],
    "isTemplate": false,
    "count": 0,
    "updated": 0
  },
  {
    "id": "0d8876cc-c859-4332-bc11-74ba5007fc80",
    "data": [
      {
        "text": "лыжи",
        "alias": "activity",
        "meta": "@activity",
        "userDefined": true
      }
    ],
    "isTemplate": false,
    "count": 0,
    "updated": 0
  },
  {
    "id": "5924c670-6f1e-4211-931e-1c0a6498a519",
    "data": [
      {
        "text": "и для катания на ",
        "userDefined": false
      },
      {
        "text": "коньках",
        "alias": "activity",
        "meta": "@activity",
        "userDefined": true
      }
    ],
    "isTemplate": false,
    "count": 0,
    "updated": 0
  },
  {
    "id": "d5c78740-4572-4477-ab0f-33391f7ad25a",
    "data": [
      {
        "text": "а для ",
        "userDefined": false
      },
      {
        "text": "пробежки",
        "alias": "activity",
        "meta": "@activity",
        "userDefined": true
      }
    ],
    "isTemplate": false,
    "count": 0,
    "updated": 0
  }
]