[
  {
    "id": "1ebaf074-0948-4a69-b322-6e20d8abc74f",
    "data": [
      {
        "text": "e para ",
        "userDefined": false
      },
      {
        "text": "andar de skate",
        "alias": "activity",
        "meta": "@activity",
        "userDefined": true
      }
    ],
    "isTemplate": false,
    "count": 0,
    "updated": 0
  },
  {
    "id": "b9f4f6bd-d195-40d8-914a-77c08f74993e",
    "data": [
      {
        "text": "e para ",
        "userDefined": false
      },
      {
        "text": "praticar natação",
        "alias": "activity",
        "meta": "@activity",
        "userDefined": true
      }
    ],
    "isTemplate": false,
    "count": 0,
    "updated": 0
  },
  {
    "id": "42d3ae73-de8b-4dd9-9e8d-61eb26759fce",
    "data": [
      {
        "text": "esquiar",
        "alias": "activity",
        "meta": "@activity",
        "userDefined": true
      }
    ],
    "isTemplate": false,
    "count": 0,
    "updated": 0
  }
]