[
  {
    "id": "b85f7c69-f345-4e31-86e5-ae5110400aed",
    "data": [
      {
        "text": "e per ",
        "userDefined": false
      },
      {
        "text": "sciare",
        "alias": "activity",
        "meta": "@activity",
        "userDefined": true
      }
    ],
    "isTemplate": false,
    "count": 0,
    "updated": 0
  },
  {
    "id": "46a3f7ce-8653-4cf2-932e-fa7f96465b58",
    "data": [
      {
        "text": "e ",
        "userDefined": false
      },
      {
        "text": "nuotare",
        "alias": "activity",
        "meta": "@activity",
        "userDefined": true
      }
    ],
    "isTemplate": false,
    "count": 0,
    "updated": 0
  },
  {
    "id": "f9a0aedf-61e7-4ad3-b15f-aadf0b2480c9",
    "data": [
      {
        "text": "anche ",
        "userDefined": false
      },
      {
        "text": "nuotare",
        "alias": "activity",
        "meta": "@activity",
        "userDefined": true
      }
    ],
    "isTemplate": false,
    "count": 0,
    "updated": 0
  }
]