[
  {
    "id": "4ff7fbed-8a9b-4c31-9744-491f1747ae85",
    "data": [
      {
        "text": "fog",
        "alias": "condition",
        "meta": "@weather-condition",
        "userDefined": false
      }
    ],
    "isTemplate": false,
    "count": 0,
    "updated": 0
  },
  {
    "id": "aa23fc2a-7aa1-4c3a-9e63-7110ed54b43a",
    "data": [
      {
        "text": "any ",
        "userDefined": false
      },
      {
        "text": "winds",
        "alias": "condition",
        "meta": "@weather-condition",
        "userDefined": false
      }
    ],
    "isTemplate": false,
    "count": 0,
    "updated": 0
  },
  {
    "id": "8368bffd-bb0a-4de8-9c3b-3f9f69e6df47",
    "data": [
      {
        "text": "and will it ",
        "userDefined": false
      },
      {
        "text": "snow",
        "alias": "condition",
        "meta": "@weather-condition",
        "userDefined": true
      },
      {
        "text": " there",
        "userDefined": false
      }
    ],
    "isTemplate": false,
    "count": 0,
    "updated": 0
  },
  {
    "id": "e9b38e41-3245-4346-93eb-4c2deb1b23fc",
    "data": [
      {
        "text": "how about ",
        "userDefined": false
      },
      {
        "text": "sunny",
        "alias": "condition",
        "meta": "@weather-condition",
        "userDefined": false
      },
      {
        "text": " weather",
        "userDefined": false
      }
    ],
    "isTemplate": false,
    "count": 0,
    "updated": 0
  },
  {
    "id": "9b058fdb-2b5c-4d91-8e28-2bf3fe568f4d",
    "data": [
      {
        "text": "what about ",
        "userDefined": false
      },
      {
        "text": "snowing",
        "alias": "condition",
        "meta": "@weather-condition",
        "userDefined": true
      }
    ],
    "isTemplate": false,
    "count": 0,
    "updated": 0
  },
  {
    "id": "f1e5ffcc-ddb0-47c6-9823-30cdadc26c16",
    "data": [
      {
        "text": "and ",
        "userDefined": false
      },
      {
        "text": "rain",
        "alias": "condition",
        "meta": "@weather-condition",
        "userDefined": false
      }
    ],
    "isTemplate": false,
    "count": 0,
    "updated": 0
  }
]