[
  {
    "id": "95ccc80d-ec73-4377-9422-95ec2b44b634",
    "data": [
      {
        "text": "e quanto a ",
        "userDefined": false
      },
      {
        "text": "Aspen",
        "alias": "address",
        "meta": "@sys.location",
        "userDefined": true
      }
    ],
    "isTemplate": false,
    "count": 0,
    "updated": 0
  },
  {
    "id": "faca3a8a-3146-4aa2-bd9a-81b52cac209b",
    "data": [
      {
        "text": "Moscou",
        "alias": "address",
        "meta": "@sys.location",
        "userDefined": true
      }
    ],
    "isTemplate": false,
    "count": 0,
    "updated": 0
  },
  {
    "id": "3e9ee938-6b01-40f8-8b73-4ad318bdfada",
    "data": [
      {
        "text": "pode verificar ",
        "userDefined": false
      },
      {
        "text": "Seattle",
        "alias": "address",
        "meta": "@sys.location",
        "userDefined": true
      }
    ],
    "isTemplate": false,
    "count": 1,
    "updated": 0
  },
  {
    "id": "8d3566a2-7613-45df-8588-e6f05823c0ed",
    "data": [
      {
        "text": "e quanto a ",
        "userDefined": false
      },
      {
        "text": "Paris",
        "alias": "address",
        "meta": "@sys.location",
        "userDefined": true
      }
    ],
    "isTemplate": false,
    "count": 0,
    "updated": 0
  },
  {
    "id": "17637a77-3e74-4251-b557-68bc08a2e733",
    "data": [
      {
        "text": "você pode verificar ",
        "userDefined": false
      },
      {
        "text": "Seattle",
        "alias": "address",
        "meta": "@sys.location",
        "userDefined": true
      }
    ],
    "isTemplate": false,
    "count": 0,
    "updated": 0
  },
  {
    "id": "9bca7613-8870-4579-b492-be3544cc3776",
    "data": [
      {
        "text": "agora em ",
        "userDefined": false
      },
      {
        "text": "Aspen",
        "alias": "address",
        "meta": "@sys.location",
        "userDefined": true
      }
    ],
    "isTemplate": false,
    "count": 0,
    "updated": 0
  },
  {
    "id": "d910a1f3-4272-4e1d-97ae-a37bdd3a14ff",
    "data": [
      {
        "text": "e quanto a ",
        "userDefined": false
      },
      {
        "text": "São Francisco",
        "alias": "address",
        "meta": "@sys.location",
        "userDefined": true
      }
    ],
    "isTemplate": false,
    "count": 0,
    "updated": 0
  },
  {
    "id": "bd08bd48-d6d5-46c5-9a48-ca3d311d0abd",
    "data": [
      {
        "text": "e em ",
        "userDefined": false
      },
      {
        "text": "Londres",
        "alias": "address",
        "meta": "@sys.location",
        "userDefined": true
      }
    ],
    "isTemplate": false,
    "count": 0,
    "updated": 0
  },
  {
    "id": "9720edb7-c42b-4caf-9a7e-e0aad4c343bf",
    "data": [
      {
        "text": "e quanto a ",
        "userDefined": false
      },
      {
        "text": "Oakland",
        "alias": "address",
        "meta": "@sys.location",
        "userDefined": true
      }
    ],
    "isTemplate": false,
    "count": 0,
    "updated": 0
  }
]