[
  {
    "id": "e6392800-433f-45c5-a6fa-10736731596f",
    "data": [
      {
        "text": "走り",
        "alias": "activity",
        "meta": "@activity",
        "userDefined": true
      },
      {
        "text": "に行ったほうがいいですか",
        "userDefined": false
      }
    ],
    "isTemplate": false,
    "count": 0,
    "updated": 0
  },
  {
    "id": "9a5d2afe-8351-4572-b0b1-37511d497297",
    "data": [
      {
        "text": "雪合戦",
        "alias": "activity",
        "meta": "@activity",
        "userDefined": true
      },
      {
        "text": "するのに良い天気ですか",
        "userDefined": false
      }
    ],
    "isTemplate": false,
    "count": 0,
    "updated": 0
  },
  {
    "id": "cf301d04-1501-4063-bc01-fd5a66346337",
    "data": [
      {
        "text": "今日",
        "alias": "date-time",
        "meta": "@sys.date-time",
        "userDefined": true
      },
      {
        "text": "は",
        "userDefined": false
      },
      {
        "text": "スキー",
        "alias": "activity",
        "meta": "@activity",
        "userDefined": true
      },
      {
        "text": "をするつもりだけど、できるかな",
        "userDefined": false
      }
    ],
    "isTemplate": false,
    "count": 0,
    "updated": 0
  },
  {
    "id": "3613a1a7-0da8-4fef-841a-98c68f680fb1",
    "data": [
      {
        "text": "サーフィン",
        "alias": "activity",
        "meta": "@activity",
        "userDefined": true
      },
      {
        "text": "に行けるの",
        "userDefined": false
      }
    ],
    "isTemplate": false,
    "count": 0,
    "updated": 0
  },
  {
    "id": "99809e3f-904c-4121-892e-9d49686ffabf",
    "data": [
      {
        "text": "外で",
        "userDefined": false
      },
      {
        "text": "フリスビー",
        "alias": "activity",
        "meta": "@activity",
        "userDefined": true
      },
      {
        "text": "で遊べるくらい良い天気",
        "userDefined": false
      }
    ],
    "isTemplate": false,
    "count": 0,
    "updated": 0
  },
  {
    "id": "fdba3dd7-e965-4b32-b208-4d01d794ef31",
    "data": [
      {
        "text": "明日",
        "alias": "date-time",
        "meta": "@sys.date-time",
        "userDefined": true
      },
      {
        "text": "ハイキング",
        "alias": "activity",
        "meta": "@activity",
        "userDefined": true
      },
      {
        "text": "するのにちょうど良い",
        "userDefined": false
      }
    ],
    "isTemplate": false,
    "count": 0,
    "updated": 0
  },
  {
    "id": "f28e8687-3531-44c3-8612-e8d28b5089d9",
    "data": [
      {
        "text": "散歩",
        "alias": "activity",
        "meta": "@activity",
        "userDefined": true
      },
      {
        "text": "をするには良い天気",
        "userDefined": false
      }
    ],
    "isTemplate": false,
    "count": 0,
    "updated": 0
  },
  {
    "id": "c5dbfd8d-61a5-4fd0-b36d-79031f3d2420",
    "data": [
      {
        "text": "富士山",
        "alias": "address",
        "meta": "@sys.location",
        "userDefined": true
      },
      {
        "text": "に",
        "userDefined": false
      },
      {
        "text": "登り",
        "alias": "activity",
        "meta": "@activity",
        "userDefined": true
      },
      {
        "text": "に行ける",
        "userDefined": false
      }
    ],
    "isTemplate": false,
    "count": 0,
    "updated": 0
  },
  {
    "id": "22f72cf4-49ec-4208-b5a0-1bdc9c1f1e13",
    "data": [
      {
        "text": "サイクリング",
        "alias": "activity",
        "meta": "@activity",
        "userDefined": true
      },
      {
        "text": "するのに良い天気だと思う",
        "userDefined": false
      }
    ],
    "isTemplate": false,
    "count": 0,
    "updated": 0
  },
  {
    "id": "2a5de473-bb5c-444d-9b08-96d1e2c3fe9d",
    "data": [
      {
        "text": "フリスビー",
        "alias": "activity",
        "meta": "@activity",
        "userDefined": true
      },
      {
        "text": "には向かない天気だと思う",
        "userDefined": false
      }
    ],
    "isTemplate": false,
    "count": 0,
    "updated": 0
  }
]