[
  {
    "id": "1908671d-2e04-4a80-871a-d256b416a12d",
    "data": [
      {
        "text": "fuori fa ",
        "userDefined": false
      },
      {
        "text": "caldo",
        "alias": "temperature",
        "meta": "@temperature",
        "userDefined": true
      }
    ],
    "isTemplate": false,
    "count": 0,
    "updated": 0
  },
  {
    "id": "2a443d02-4e9c-40bc-999f-9f7f983b2e46",
    "data": [
      {
        "text": "com\u0027è la temperatura",
        "userDefined": false
      }
    ],
    "isTemplate": false,
    "count": 0,
    "updated": 0
  },
  {
    "id": "f25b92cd-9465-4d41-b956-7c29049ad970",
    "data": [
      {
        "text": "temperatura",
        "userDefined": false
      }
    ],
    "isTemplate": false,
    "count": 0,
    "updated": 0
  },
  {
    "id": "ab719446-4949-476e-8d45-13dfc2feb8d6",
    "data": [
      {
        "text": "mostrami la temperatura a ",
        "userDefined": false
      },
      {
        "text": "Roma",
        "alias": "address",
        "meta": "@sys.location",
        "userDefined": true
      }
    ],
    "isTemplate": false,
    "count": 0,
    "updated": 0
  },
  {
    "id": "87fe01b0-a91b-4515-a128-7fc895cbc268",
    "data": [
      {
        "text": "temperatura a ",
        "userDefined": false
      },
      {
        "text": "Londra",
        "alias": "address",
        "meta": "@sys.location",
        "userDefined": true
      }
    ],
    "isTemplate": false,
    "count": 0,
    "updated": 0
  },
  {
    "id": "31464ed6-21d9-4019-92e7-75cd331c715a",
    "data": [
      {
        "text": "fa ",
        "userDefined": false
      },
      {
        "text": "freddo",
        "alias": "temperature",
        "meta": "@temperature",
        "userDefined": true
      }
    ],
    "isTemplate": false,
    "count": 0,
    "updated": 0
  },
  {
    "id": "40fd15bd-b4ec-4b5f-b25f-c40abc08bd13",
    "data": [
      {
        "text": "mostrami la temperatura a ",
        "userDefined": false
      },
      {
        "text": "Napoli",
        "alias": "address",
        "meta": "@sys.location",
        "userDefined": true
      },
      {
        "text": " in ",
        "userDefined": false
      },
      {
        "text": "gradi Centigradi",
        "alias": "unit",
        "meta": "@unit-temperature",
        "userDefined": true
      }
    ],
    "isTemplate": false,
    "count": 0,
    "updated": 0
  },
  {
    "id": "d962b44f-32f6-4b5e-bd9c-64d55e556c99",
    "data": [
      {
        "text": "sai se fa ",
        "userDefined": false
      },
      {
        "text": "freddo",
        "alias": "temperature",
        "meta": "@temperature",
        "userDefined": true
      },
      {
        "text": " fuori ora",
        "userDefined": false
      }
    ],
    "isTemplate": false,
    "count": 0,
    "updated": 0
  },
  {
    "id": "73f15353-acef-4ffa-89af-0674405ca3ae",
    "data": [
      {
        "text": "temperatura in ",
        "userDefined": false
      },
      {
        "text": "gradi Centigradi",
        "alias": "unit",
        "meta": "@unit-temperature",
        "userDefined": true
      }
    ],
    "isTemplate": false,
    "count": 0,
    "updated": 0
  },
  {
    "id": "a55dd555-8ecc-412f-85ea-07e1b783f1cb",
    "data": [
      {
        "text": "fa ",
        "userDefined": false
      },
      {
        "text": "caldo",
        "alias": "temperature",
        "meta": "@temperature",
        "userDefined": true
      },
      {
        "text": " fuori",
        "userDefined": false
      }
    ],
    "isTemplate": false,
    "count": 0,
    "updated": 0
  },
  {
    "id": "6504245e-f2b2-4891-acb2-3d32d8abc247",
    "data": [
      {
        "text": "fa ",
        "userDefined": false
      },
      {
        "text": "freddo",
        "alias": "temperature",
        "meta": "@temperature",
        "userDefined": true
      },
      {
        "text": " a ",
        "userDefined": false
      },
      {
        "text": "Napoli",
        "alias": "address",
        "meta": "@sys.location",
        "userDefined": true
      }
    ],
    "isTemplate": false,
    "count": 0,
    "updated": 0
  },
  {
    "id": "9d873ba3-31f6-471d-b33e-d4855ee52c8c",
    "data": [
      {
        "text": "mostrami la temperatura",
        "userDefined": false
      }
    ],
    "isTemplate": false,
    "count": 0,
    "updated": 0
  },
  {
    "id": "2967f29d-1619-4112-b842-d87053f2f0fb",
    "data": [
      {
        "text": "oggi",
        "alias": "date-time",
        "meta": "@sys.date-time",
        "userDefined": true
      },
      {
        "text": " a ",
        "userDefined": false
      },
      {
        "text": "Roma",
        "alias": "address",
        "meta": "@sys.location",
        "userDefined": true
      },
      {
        "text": " fa ",
        "userDefined": false
      },
      {
        "text": "caldo",
        "alias": "temperature",
        "meta": "@temperature",
        "userDefined": true
      }
    ],
    "isTemplate": false,
    "count": 0,
    "updated": 0
  }
]