[
  {
    "id": "179c3cf8-c711-4971-9e39-473f7d9b7259",
    "data": [
      {
        "text": "兩天後",
        "alias": "date-time",
        "meta": "@sys.date-time",
        "userDefined": true
      },
      {
        "text": "的天氣會不會很",
        "userDefined": false
      },
      {
        "text": "寒冷",
        "alias": "temperature",
        "meta": "@temperature",
        "userDefined": true
      },
      {
        "text": "嗎",
        "userDefined": false
      }
    ],
    "isTemplate": false,
    "count": 0,
    "updated": 0
  },
  {
    "id": "b37e5aaa-2909-40ee-a7a1-5fd7dffef7cf",
    "data": [
      {
        "text": "爲什麽",
        "userDefined": false
      },
      {
        "text": "下星期一",
        "alias": "date-time",
        "meta": "@sys.date-time",
        "userDefined": false
      },
      {
        "text": "馬來西亞",
        "alias": "address",
        "meta": "@sys.address",
        "userDefined": true
      },
      {
        "text": "天氣那麽",
        "userDefined": false
      },
      {
        "text": "涼快",
        "alias": "temperature",
        "meta": "@temperature",
        "userDefined": false
      }
    ],
    "isTemplate": false,
    "count": 0,
    "updated": 0
  },
  {
    "id": "6093778e-55ae-47ce-9b73-8570687f5f1e",
    "data": [
      {
        "text": "明天",
        "alias": "date-time",
        "meta": "@sys.date-time",
        "userDefined": false
      },
      {
        "text": "上海",
        "alias": "address",
        "meta": "@sys.address",
        "userDefined": false
      },
      {
        "text": "的溫度如何",
        "userDefined": false
      }
    ],
    "isTemplate": false,
    "count": 0,
    "updated": 0
  },
  {
    "id": "97dd6f1b-93ed-40e8-ac73-b16ad7a5ce6e",
    "data": [
      {
        "text": "明天",
        "alias": "date-time",
        "meta": "@sys.date-time",
        "userDefined": true
      },
      {
        "text": "的天氣是不是很",
        "userDefined": false
      },
      {
        "text": "暖",
        "alias": "temperature",
        "meta": "@temperature",
        "userDefined": true
      },
      {
        "text": "嗎",
        "userDefined": false
      }
    ],
    "isTemplate": false,
    "count": 0,
    "updated": 0
  },
  {
    "id": "a14dba37-8501-4652-9fe0-06ab03e8f215",
    "data": [
      {
        "text": "我最近的天氣是不是很",
        "userDefined": false
      },
      {
        "text": "冷",
        "alias": "temperature",
        "meta": "@temperature",
        "userDefined": false
      }
    ],
    "isTemplate": false,
    "count": 0,
    "updated": 0
  },
  {
    "id": "1e534cf1-01f5-46dd-af9d-791b08a3ac46",
    "data": [
      {
        "text": "天氣是不是很",
        "userDefined": false
      },
      {
        "text": "涼快",
        "alias": "temperature",
        "meta": "@temperature",
        "userDefined": true
      }
    ],
    "isTemplate": false,
    "count": 0,
    "updated": 0
  },
  {
    "id": "dda44c31-c9a1-4e5d-8d43-e7a5cfa3d337",
    "data": [
      {
        "text": "天氣會很",
        "userDefined": false
      },
      {
        "text": "溫和",
        "alias": "temperature",
        "meta": "@temperature",
        "userDefined": true
      },
      {
        "text": "嗎",
        "userDefined": false
      }
    ],
    "isTemplate": false,
    "count": 0,
    "updated": 0
  },
  {
    "id": "8f5eba18-47c5-46e7-9eb2-78ec00083191",
    "data": [
      {
        "text": "就讓你問他",
        "userDefined": false
      },
      {
        "text": "今天",
        "alias": "date-time",
        "meta": "@sys.date-time",
        "userDefined": false
      },
      {
        "text": "天氣幾度",
        "userDefined": false
      }
    ],
    "isTemplate": false,
    "count": 0,
    "updated": 0
  },
  {
    "id": "b90a4935-a6e3-4c42-b97a-20c3385dcebc",
    "data": [
      {
        "text": "上海",
        "alias": "address",
        "meta": "@sys.address",
        "userDefined": true
      },
      {
        "text": "多",
        "userDefined": false
      },
      {
        "text": "熱",
        "alias": "temperature",
        "meta": "@temperature",
        "userDefined": true
      }
    ],
    "isTemplate": false,
    "count": 0,
    "updated": 0
  },
  {
    "id": "73a3beee-d4af-4976-96c4-be75c89fc281",
    "data": [
      {
        "text": "攝氏度",
        "alias": "unit",
        "meta": "@unit-temperature",
        "userDefined": true
      },
      {
        "text": "天氣預報",
        "userDefined": false
      }
    ],
    "isTemplate": false,
    "count": 0,
    "updated": 0
  },
  {
    "id": "bbc4d81d-00e4-45d8-a39f-745bba20e03b",
    "data": [
      {
        "text": "明天",
        "alias": "date-time",
        "meta": "@sys.date-time",
        "userDefined": false
      },
      {
        "text": "馬來西亞",
        "alias": "address",
        "meta": "@sys.address",
        "userDefined": true
      },
      {
        "text": "最近的天氣是不是很",
        "userDefined": false
      },
      {
        "text": "冷",
        "alias": "temperature",
        "meta": "@temperature",
        "userDefined": false
      }
    ],
    "isTemplate": false,
    "count": 0,
    "updated": 0
  },
  {
    "id": "fd98acde-b9e3-4a28-b318-a3c661e32ed7",
    "data": [
      {
        "text": "今天",
        "alias": "date-time",
        "meta": "@sys.date-time",
        "userDefined": true
      },
      {
        "text": "天氣很",
        "userDefined": false
      },
      {
        "text": "熱",
        "alias": "temperature",
        "meta": "@temperature",
        "userDefined": true
      },
      {
        "text": "耶",
        "userDefined": false
      }
    ],
    "isTemplate": false,
    "count": 0,
    "updated": 0
  },
  {
    "id": "21945c13-a038-4978-a480-c05380000479",
    "data": [
      {
        "text": "明天",
        "alias": "date-time",
        "meta": "@sys.date-time",
        "userDefined": true
      },
      {
        "text": "的天氣會很",
        "userDefined": false
      },
      {
        "text": "溫和",
        "alias": "temperature",
        "meta": "@temperature",
        "userDefined": true
      },
      {
        "text": "嗎",
        "userDefined": false
      }
    ],
    "isTemplate": false,
    "count": 0,
    "updated": 0
  },
  {
    "id": "aafe3654-3396-414a-b36a-e183ebddc802",
    "data": [
      {
        "text": "上海",
        "alias": "address",
        "meta": "@sys.address",
        "userDefined": false
      },
      {
        "text": "三天後",
        "alias": "date-time",
        "meta": "@sys.date-time",
        "userDefined": false
      },
      {
        "text": "多少度",
        "userDefined": false
      }
    ],
    "isTemplate": false,
    "count": 0,
    "updated": 0
  },
  {
    "id": "0708aa9c-cd37-4b3c-b276-5cec63e0db14",
    "data": [
      {
        "text": "下星期日",
        "alias": "date-time",
        "meta": "@sys.date-time",
        "userDefined": false
      },
      {
        "text": "馬來西亞",
        "alias": "address",
        "meta": "@sys.address",
        "userDefined": true
      },
      {
        "text": "的天氣會很",
        "userDefined": false
      },
      {
        "text": "熱",
        "alias": "temperature",
        "meta": "@temperature",
        "userDefined": false
      },
      {
        "text": "嗎",
        "userDefined": false
      }
    ],
    "isTemplate": false,
    "count": 0,
    "updated": 0
  },
  {
    "id": "3008f4fb-717d-4811-bafc-70af51a0dc32",
    "data": [
      {
        "text": "上海",
        "alias": "address",
        "meta": "@sys.address",
        "userDefined": false
      },
      {
        "text": "啥溫度",
        "userDefined": false
      }
    ],
    "isTemplate": false,
    "count": 0,
    "updated": 0
  },
  {
    "id": "b3f58d92-09ed-4be9-8dc6-48fbd20e76b1",
    "data": [
      {
        "text": "你知道現在外面",
        "userDefined": false
      },
      {
        "text": "冷",
        "alias": "temperature",
        "meta": "@temperature",
        "userDefined": false
      },
      {
        "text": "不",
        "userDefined": false
      },
      {
        "text": "冷",
        "meta": "@sys.ignore",
        "userDefined": false
      }
    ],
    "isTemplate": false,
    "count": 1,
    "updated": 0
  },
  {
    "id": "1022be43-07da-41ba-9eca-4b81581bd555",
    "data": [
      {
        "text": "台北市",
        "alias": "address",
        "meta": "@sys.address",
        "userDefined": false
      },
      {
        "text": "溫度",
        "userDefined": false
      }
    ],
    "isTemplate": false,
    "count": 0,
    "updated": 0
  },
  {
    "id": "d6fdee91-1810-40a4-9e52-ca14eebc678e",
    "data": [
      {
        "text": "今天",
        "alias": "date-time",
        "meta": "@sys.date-time",
        "userDefined": false
      },
      {
        "text": "上海",
        "alias": "address",
        "meta": "@sys.address",
        "userDefined": false
      },
      {
        "text": "的氣溫如何",
        "userDefined": false
      }
    ],
    "isTemplate": false,
    "count": 0,
    "updated": 0
  },
  {
    "id": "4e3a809b-adea-4a0f-ad77-5a183abb4bf1",
    "data": [
      {
        "text": "台南市南區",
        "alias": "address",
        "meta": "@sys.address",
        "userDefined": false
      },
      {
        "text": "幾度",
        "userDefined": false
      }
    ],
    "isTemplate": false,
    "count": 0,
    "updated": 0
  },
  {
    "id": "00375890-7066-4d36-9e10-c385ac55fc6a",
    "data": [
      {
        "text": "爲什麽天氣那麽",
        "userDefined": false
      },
      {
        "text": "寒冷",
        "alias": "temperature",
        "meta": "@temperature",
        "userDefined": true
      }
    ],
    "isTemplate": false,
    "count": 0,
    "updated": 0
  },
  {
    "id": "6212cf5a-99b5-4bf7-a409-0811fd844d59",
    "data": [
      {
        "text": "台北",
        "alias": "address",
        "meta": "@sys.address",
        "userDefined": false
      },
      {
        "text": "溫度",
        "userDefined": false
      }
    ],
    "isTemplate": false,
    "count": 0,
    "updated": 0
  },
  {
    "id": "2a59acb4-4716-44d9-b601-ceb9fa4b046a",
    "data": [
      {
        "text": "天氣很",
        "userDefined": false
      },
      {
        "text": "冷",
        "alias": "temperature",
        "meta": "@temperature",
        "userDefined": true
      }
    ],
    "isTemplate": false,
    "count": 0,
    "updated": 0
  },
  {
    "id": "ad420926-42a1-4163-811b-107add8dd560",
    "data": [
      {
        "text": "天氣會不會很",
        "userDefined": false
      },
      {
        "text": "熱",
        "alias": "temperature",
        "meta": "@temperature",
        "userDefined": true
      }
    ],
    "isTemplate": false,
    "count": 0,
    "updated": 0
  },
  {
    "id": "2ab1109b-aeab-46b2-af85-1c74e65e5bca",
    "data": [
      {
        "text": "台南市南區",
        "alias": "address",
        "meta": "@sys.address",
        "userDefined": false
      },
      {
        "text": "現在幾度",
        "userDefined": false
      }
    ],
    "isTemplate": false,
    "count": 0,
    "updated": 0
  }
]