[
  {
    "id": "7b830eee-08d7-4e88-ace9-e6110c437539",
    "data": [
      {
        "text": "и в течение ",
        "userDefined": false
      },
      {
        "text": "следующей недели",
        "alias": "date-time",
        "meta": "@sys.date-time",
        "userDefined": true
      }
    ],
    "isTemplate": false,
    "count": 0,
    "updated": 0
  },
  {
    "id": "a531be49-0a13-441f-9021-01e6bfb20fa2",
    "data": [
      {
        "text": "а ",
        "userDefined": false
      },
      {
        "text": "завтра",
        "alias": "date-time",
        "meta": "@sys.date-time",
        "userDefined": true
      }
    ],
    "isTemplate": false,
    "count": 1,
    "updated": 0
  },
  {
    "id": "43f3934c-78cc-45e3-8c5c-118aa0964785",
    "data": [
      {
        "text": "проверь на ",
        "userDefined": false
      },
      {
        "text": "понедельник",
        "alias": "date-time",
        "meta": "@sys.date-time",
        "userDefined": true
      }
    ],
    "isTemplate": false,
    "count": 0,
    "updated": 0
  },
  {
    "id": "84d77a16-4c20-4f0e-82ec-5f37e7606697",
    "data": [
      {
        "text": "а в ",
        "userDefined": false
      },
      {
        "text": "субботу",
        "alias": "date-time",
        "meta": "@sys.date-time",
        "userDefined": true
      }
    ],
    "isTemplate": false,
    "count": 0,
    "updated": 0
  },
  {
    "id": "ea4dc217-4c74-4513-9771-d848636a369d",
    "data": [
      {
        "text": "и в ",
        "userDefined": false
      },
      {
        "text": "следующую субботу",
        "alias": "date-time",
        "meta": "@sys.date-time",
        "userDefined": true
      }
    ],
    "isTemplate": false,
    "count": 0,
    "updated": 0
  },
  {
    "id": "9b6ad410-c06c-4c6b-abeb-0d25e7fdcb2c",
    "data": [
      {
        "text": "а как насчёт ",
        "userDefined": false
      },
      {
        "text": "сегодня",
        "alias": "date-time",
        "meta": "@sys.date-time",
        "userDefined": true
      }
    ],
    "isTemplate": false,
    "count": 0,
    "updated": 0
  },
  {
    "id": "60cab441-daeb-4a75-991b-6b1adb5c55e2",
    "data": [
      {
        "text": "на ",
        "userDefined": false
      },
      {
        "text": "следующий месяц",
        "alias": "date-time",
        "meta": "@sys.date-time",
        "userDefined": true
      }
    ],
    "isTemplate": false,
    "count": 0,
    "updated": 0
  },
  {
    "id": "103d0def-1eb3-45cc-a24d-c3c7b4ea8a34",
    "data": [
      {
        "text": "этим вечером",
        "alias": "date-time",
        "meta": "@sys.date-time",
        "userDefined": true
      }
    ],
    "isTemplate": false,
    "count": 1,
    "updated": 0
  },
  {
    "id": "c2c6a1da-1fac-412b-b4be-f20751fa3e20",
    "data": [
      {
        "text": "изменится ли она после ",
        "userDefined": false
      },
      {
        "text": "5",
        "alias": "date-time",
        "meta": "@sys.date-time",
        "userDefined": true
      }
    ],
    "isTemplate": false,
    "count": 0,
    "updated": 0
  },
  {
    "id": "5eec3367-59cd-4326-a68a-a69c8728525d",
    "data": [
      {
        "text": "как насчёт ",
        "userDefined": false
      },
      {
        "text": "завтра",
        "alias": "date-time",
        "meta": "@sys.date-time",
        "userDefined": true
      }
    ],
    "isTemplate": false,
    "count": 0,
    "updated": 0
  },
  {
    "id": "964fe0d2-80af-4701-8a49-2685e1cd0ea0",
    "data": [
      {
        "text": "а что насчёт ",
        "userDefined": false
      },
      {
        "text": "завтра",
        "alias": "date-time",
        "meta": "@sys.date-time",
        "userDefined": true
      }
    ],
    "isTemplate": false,
    "count": 0,
    "updated": 0
  },
  {
    "id": "5d200233-ba00-4964-afec-5a15567d97ff",
    "data": [
      {
        "text": "а что насчет ",
        "userDefined": false
      },
      {
        "text": "этих выходных",
        "alias": "date-time",
        "meta": "@sys.date-time",
        "userDefined": true
      }
    ],
    "isTemplate": false,
    "count": 1,
    "updated": 0
  },
  {
    "id": "b31f1937-9831-49d9-92ad-956e203a092b",
    "data": [
      {
        "text": "проверь ",
        "userDefined": false
      },
      {
        "text": "следующую неделю",
        "alias": "date-time",
        "meta": "@sys.date-time",
        "userDefined": true
      }
    ],
    "isTemplate": false,
    "count": 0,
    "updated": 0
  },
  {
    "id": "de4943fd-2c3f-4dee-a8cf-b82ac003154c",
    "data": [
      {
        "text": "в ",
        "userDefined": false
      },
      {
        "text": "среду",
        "alias": "date-time",
        "meta": "@sys.date-time",
        "userDefined": true
      }
    ],
    "isTemplate": false,
    "count": 0,
    "updated": 0
  }
]