[
  {
    "id": "456ca4c2-2aab-4bbf-b6c4-fcc62a7e4a32",
    "data": [
      {
        "text": "e ",
        "userDefined": false
      },
      {
        "text": "neve",
        "alias": "condition",
        "meta": "@weather-condition",
        "userDefined": true
      }
    ],
    "isTemplate": false,
    "count": 0,
    "updated": 0
  },
  {
    "id": "a20d02aa-5d53-4889-81c5-e921de732911",
    "data": [
      {
        "text": "e ",
        "userDefined": false
      },
      {
        "text": "chuva",
        "alias": "condition",
        "meta": "@weather-condition",
        "userDefined": true
      }
    ],
    "isTemplate": false,
    "count": 0,
    "updated": 0
  }
]