[
  {
    "id": "f14f8937-235a-4913-984a-db92a0a70e9c",
    "data": [
      {
        "text": "在",
        "userDefined": false
      },
      {
        "text": "杭州",
        "alias": "address",
        "meta": "@sys.address",
        "userDefined": false
      },
      {
        "text": "会不会去",
        "userDefined": false
      },
      {
        "text": "雪橇",
        "alias": "activity",
        "meta": "@activity",
        "userDefined": false
      }
    ],
    "isTemplate": false,
    "count": 0,
    "updated": 0
  },
  {
    "id": "eeacd9c3-d4fc-4e84-b5f5-c7ef20abce5e",
    "data": [
      {
        "text": "两个星期后",
        "alias": "date-time",
        "meta": "@sys.date-time",
        "userDefined": false
      },
      {
        "text": "在",
        "userDefined": false
      },
      {
        "text": "武汉",
        "alias": "address",
        "meta": "@sys.address",
        "userDefined": false
      },
      {
        "text": "可能去",
        "userDefined": false
      },
      {
        "text": "皮划艇",
        "alias": "activity",
        "meta": "@activity",
        "userDefined": false
      },
      {
        "text": "吗",
        "userDefined": false
      }
    ],
    "isTemplate": false,
    "count": 0,
    "updated": 0
  },
  {
    "id": "0f7cdbca-8c51-4307-88f0-5a2f2a4a5156",
    "data": [
      {
        "text": "现在的天气适合在户外玩",
        "userDefined": false
      },
      {
        "text": "飞盘",
        "alias": "activity",
        "meta": "@activity",
        "userDefined": false
      },
      {
        "text": "吗？",
        "userDefined": false
      }
    ],
    "isTemplate": false,
    "count": 1,
    "updated": 0
  },
  {
    "id": "1942b093-240f-4b95-98a2-20d66f5d7f44",
    "data": [
      {
        "text": "现在适合出去",
        "userDefined": false
      },
      {
        "text": "徒步旅行",
        "alias": "activity",
        "meta": "@activity",
        "userDefined": false
      },
      {
        "text": "吗？",
        "userDefined": false
      }
    ],
    "isTemplate": false,
    "count": 0,
    "updated": 0
  },
  {
    "id": "7895d8d3-3ed6-4808-bd0d-8f391ecbff25",
    "data": [
      {
        "text": "三月三号",
        "alias": "date-time",
        "meta": "@sys.date-time",
        "userDefined": false
      },
      {
        "text": "会不会",
        "userDefined": false
      },
      {
        "text": "冲浪",
        "alias": "activity",
        "meta": "@activity",
        "userDefined": false
      }
    ],
    "isTemplate": false,
    "count": 0,
    "updated": 0
  },
  {
    "id": "e2896f55-79ea-482d-8c01-46d93d20ca81",
    "data": [
      {
        "text": "今天",
        "alias": "date-time",
        "meta": "@sys.date-time",
        "userDefined": false
      },
      {
        "text": "会不会",
        "userDefined": false
      },
      {
        "text": "单板滑雪",
        "alias": "activity",
        "meta": "@activity",
        "userDefined": false
      },
      {
        "text": "吗",
        "userDefined": false
      }
    ],
    "isTemplate": false,
    "count": 0,
    "updated": 0
  },
  {
    "id": "6934b073-1062-435a-b484-24d27b128178",
    "data": [
      {
        "text": "明天",
        "alias": "date-time",
        "meta": "@sys.date-time",
        "userDefined": false
      },
      {
        "text": "我跟我的朋友一起想去",
        "userDefined": false
      },
      {
        "text": "冲浪",
        "alias": "activity",
        "meta": "@activity",
        "userDefined": false
      },
      {
        "text": "可以吗吗",
        "userDefined": false
      }
    ],
    "isTemplate": false,
    "count": 0,
    "updated": 0
  },
  {
    "id": "10a1a823-ed17-497d-9dbf-8eaa1cb4be45",
    "data": [
      {
        "text": "明天",
        "alias": "date-time",
        "meta": "@sys.date-time",
        "userDefined": false
      },
      {
        "text": "我们会不会去",
        "userDefined": false
      },
      {
        "text": "打雪仗",
        "alias": "activity",
        "meta": "@activity",
        "userDefined": false
      },
      {
        "text": "吗",
        "userDefined": false
      }
    ],
    "isTemplate": false,
    "count": 0,
    "updated": 0
  },
  {
    "id": "5ec330f9-c37c-4981-8dd7-42a385fb1178",
    "data": [
      {
        "text": "下星期日",
        "alias": "date-time",
        "meta": "@sys.date-time",
        "userDefined": false
      },
      {
        "text": "在",
        "userDefined": false
      },
      {
        "text": "新加坡",
        "alias": "address",
        "meta": "@sys.address",
        "userDefined": true
      },
      {
        "text": "可以不可以",
        "userDefined": false
      },
      {
        "text": "打雪仗",
        "alias": "activity",
        "meta": "@activity",
        "userDefined": false
      }
    ],
    "isTemplate": false,
    "count": 0,
    "updated": 0
  },
  {
    "id": "c0ab7c2f-bed7-44d0-ba78-21b76d984623",
    "data": [
      {
        "text": "明天",
        "alias": "date-time",
        "meta": "@sys.date-time",
        "userDefined": false
      },
      {
        "text": "会",
        "userDefined": false
      },
      {
        "text": "游泳",
        "alias": "activity",
        "meta": "@activity",
        "userDefined": false
      },
      {
        "text": "吗",
        "userDefined": false
      }
    ],
    "isTemplate": false,
    "count": 0,
    "updated": 0
  },
  {
    "id": "0649cc12-50d5-41d5-b20d-e6408c9ef1c9",
    "data": [
      {
        "text": "明天",
        "alias": "date-time",
        "meta": "@sys.date-time",
        "userDefined": false
      },
      {
        "text": "在",
        "userDefined": false
      },
      {
        "text": "深圳",
        "alias": "address",
        "meta": "@sys.address",
        "userDefined": false
      },
      {
        "text": "我很想去",
        "userDefined": false
      },
      {
        "text": "跑步",
        "alias": "activity",
        "meta": "@activity",
        "userDefined": false
      }
    ],
    "isTemplate": false,
    "count": 0,
    "updated": 0
  },
  {
    "id": "bb52cab0-34c0-405d-b157-04c82728198e",
    "data": [
      {
        "text": "明天",
        "alias": "date-time",
        "meta": "@sys.date-time",
        "userDefined": false
      },
      {
        "text": "会不会去",
        "userDefined": false
      },
      {
        "text": "徒步旅行",
        "alias": "activity",
        "meta": "@activity",
        "userDefined": false
      },
      {
        "text": "吗",
        "userDefined": false
      }
    ],
    "isTemplate": false,
    "count": 0,
    "updated": 0
  },
  {
    "id": "82045aa4-eacc-4744-b425-96f8be8daa36",
    "data": [
      {
        "text": "两天后",
        "alias": "date-time",
        "meta": "@sys.date-time",
        "userDefined": false
      },
      {
        "text": "会不会",
        "userDefined": false
      },
      {
        "text": "滑翔伞",
        "alias": "activity",
        "meta": "@activity",
        "userDefined": false
      },
      {
        "text": "吗",
        "userDefined": false
      }
    ],
    "isTemplate": false,
    "count": 0,
    "updated": 0
  },
  {
    "id": "d04e0d37-f9b9-44ed-b6a6-df7c4988bdcc",
    "data": [
      {
        "text": "明天",
        "alias": "date-time",
        "meta": "@sys.date-time",
        "userDefined": false
      },
      {
        "text": "在",
        "userDefined": false
      },
      {
        "text": "深圳",
        "alias": "address",
        "meta": "@sys.address",
        "userDefined": false
      },
      {
        "text": "会不会去",
        "userDefined": false
      },
      {
        "text": "风筝冲浪",
        "alias": "activity",
        "meta": "@activity",
        "userDefined": false
      },
      {
        "text": "吗",
        "userDefined": false
      }
    ],
    "isTemplate": false,
    "count": 0,
    "updated": 0
  },
  {
    "id": "814ca8e1-d8f4-4d8d-bbe3-fd77939bcb17",
    "data": [
      {
        "text": "明天",
        "alias": "date-time",
        "meta": "@sys.date-time",
        "userDefined": false
      },
      {
        "text": "在",
        "userDefined": false
      },
      {
        "text": "广州",
        "alias": "address",
        "meta": "@sys.address",
        "userDefined": true
      },
      {
        "text": "可以",
        "userDefined": false
      },
      {
        "text": "攀登",
        "alias": "activity",
        "meta": "@activity",
        "userDefined": false
      },
      {
        "text": "吗",
        "userDefined": false
      }
    ],
    "isTemplate": false,
    "count": 0,
    "updated": 0
  },
  {
    "id": "624c64cc-c9ff-482f-abd5-da0f4d662fbd",
    "data": [
      {
        "text": "五天前",
        "alias": "date-time",
        "meta": "@sys.date-time",
        "userDefined": false
      },
      {
        "text": "在",
        "userDefined": false
      },
      {
        "text": "青岛",
        "alias": "address",
        "meta": "@sys.address",
        "userDefined": false
      },
      {
        "text": "里面可能去",
        "userDefined": false
      },
      {
        "text": "风筝",
        "alias": "activity",
        "meta": "@activity",
        "userDefined": false
      },
      {
        "text": "吗",
        "userDefined": false
      }
    ],
    "isTemplate": false,
    "count": 0,
    "updated": 0
  },
  {
    "id": "d8bbec7e-ece7-492f-82d8-4f570938b33b",
    "data": [
      {
        "text": "新加坡",
        "alias": "address",
        "meta": "@sys.address",
        "userDefined": false
      },
      {
        "text": "会不会",
        "userDefined": false
      },
      {
        "text": "滑板",
        "alias": "activity",
        "meta": "@activity",
        "userDefined": false
      }
    ],
    "isTemplate": false,
    "count": 0,
    "updated": 0
  },
  {
    "id": "710f6d5b-e6fd-4637-b9a8-8d6c6e124a20",
    "data": [
      {
        "text": "北京",
        "alias": "address",
        "meta": "@sys.address",
        "userDefined": false
      },
      {
        "text": "里面会不会去",
        "userDefined": false
      },
      {
        "text": "滑雪",
        "alias": "activity",
        "meta": "@activity",
        "userDefined": false
      }
    ],
    "isTemplate": false,
    "count": 0,
    "updated": 0
  },
  {
    "id": "5da4eeeb-35ab-480b-a090-ead44a451b52",
    "data": [
      {
        "text": "明天",
        "alias": "date-time",
        "meta": "@sys.date-time",
        "userDefined": false
      },
      {
        "text": "上海",
        "alias": "address",
        "meta": "@sys.address",
        "userDefined": false
      },
      {
        "text": "会",
        "userDefined": false
      },
      {
        "text": "步行",
        "alias": "activity",
        "meta": "@activity",
        "userDefined": false
      },
      {
        "text": "吗",
        "userDefined": false
      }
    ],
    "isTemplate": false,
    "count": 0,
    "updated": 0
  },
  {
    "id": "083074a4-edf0-46b5-8cb0-06b2b013c287",
    "data": [
      {
        "text": "后天",
        "alias": "date-time",
        "meta": "@sys.date-time",
        "userDefined": false
      },
      {
        "text": "我行去",
        "userDefined": false
      },
      {
        "text": "冲浪",
        "alias": "activity",
        "meta": "@activity",
        "userDefined": false
      }
    ],
    "isTemplate": false,
    "count": 0,
    "updated": 0
  },
  {
    "id": "ce902b36-2a79-4497-a9d9-d464fd20eec0",
    "data": [
      {
        "text": "明天",
        "alias": "date-time",
        "meta": "@sys.date-time",
        "userDefined": false
      },
      {
        "text": "可以去",
        "userDefined": false
      },
      {
        "text": "露营",
        "alias": "activity",
        "meta": "@activity",
        "userDefined": false
      },
      {
        "text": "吗",
        "userDefined": false
      }
    ],
    "isTemplate": false,
    "count": 0,
    "updated": 0
  },
  {
    "id": "b4f8821a-b66c-42bb-9d0b-3eae0c799e19",
    "data": [
      {
        "text": "今天",
        "alias": "date-time",
        "meta": "@sys.date-time",
        "userDefined": false
      },
      {
        "text": "要去",
        "userDefined": false
      },
      {
        "text": "冲浪",
        "alias": "activity",
        "meta": "@activity",
        "userDefined": false
      }
    ],
    "isTemplate": false,
    "count": 0,
    "updated": 0
  },
  {
    "id": "109a9584-de8f-4207-8040-383a1391f9c5",
    "data": [
      {
        "text": "今天",
        "alias": "date-time",
        "meta": "@sys.date-time",
        "userDefined": false
      },
      {
        "text": "在",
        "userDefined": false
      },
      {
        "text": "台北",
        "alias": "address",
        "meta": "@sys.address",
        "userDefined": false
      },
      {
        "text": "我会",
        "userDefined": false
      },
      {
        "text": "风筝",
        "alias": "activity",
        "meta": "@activity",
        "userDefined": false
      },
      {
        "text": "吗",
        "userDefined": false
      }
    ],
    "isTemplate": false,
    "count": 0,
    "updated": 0
  }
]