[
  {
    "id": "5f015186-1742-4322-b592-1ac6a5d43fd4",
    "data": [
      {
        "text": "じゃあ",
        "userDefined": false
      },
      {
        "text": "雨",
        "alias": "weather-condition",
        "meta": "@weather-condition",
        "userDefined": true
      },
      {
        "text": "は",
        "userDefined": false
      }
    ],
    "isTemplate": false,
    "count": 0,
    "updated": 0
  },
  {
    "id": "2e176ebd-7415-4adf-b878-8da9e7466690",
    "data": [
      {
        "text": "雪",
        "alias": "weather-condition",
        "meta": "@weather-condition",
        "userDefined": true
      },
      {
        "text": "はどう",
        "userDefined": false
      }
    ],
    "isTemplate": false,
    "count": 0,
    "updated": 0
  }
]