[
  {
    "id": "5e1aca80-b768-44be-a309-4dccaabf9a50",
    "data": [
      {
        "text": "e no ",
        "userDefined": false
      },
      {
        "text": "sábado",
        "alias": "date-time",
        "meta": "@sys.date-time",
        "userDefined": true
      }
    ],
    "isTemplate": false,
    "count": 0,
    "updated": 0
  },
  {
    "id": "fcd0d805-68b6-4777-aa2a-bdfbac2ad6a3",
    "data": [
      {
        "text": "e ",
        "userDefined": false
      },
      {
        "text": "sábado",
        "alias": "date-time",
        "meta": "@sys.date-time",
        "userDefined": true
      }
    ],
    "isTemplate": false,
    "count": 0,
    "updated": 0
  },
  {
    "id": "bca42309-9cd1-4fb9-9d18-0e31ccccfe6a",
    "data": [
      {
        "text": "e ",
        "userDefined": false
      },
      {
        "text": "neste fim de semana",
        "alias": "date-time",
        "meta": "@sys.date-time",
        "userDefined": true
      }
    ],
    "isTemplate": false,
    "count": 1,
    "updated": 0
  },
  {
    "id": "1cba298c-bb1c-432f-a8a4-61dd1dc0ad04",
    "data": [
      {
        "text": "e durante a ",
        "userDefined": false
      },
      {
        "text": "próxima semana",
        "alias": "date-time",
        "meta": "@sys.date-time",
        "userDefined": true
      }
    ],
    "isTemplate": false,
    "count": 0,
    "updated": 0
  },
  {
    "id": "72f6b1d2-3d84-4c34-b7fb-e201ca2c0d30",
    "data": [
      {
        "text": "verificar ",
        "userDefined": false
      },
      {
        "text": "próxima semana",
        "alias": "date-time",
        "meta": "@sys.date-time",
        "userDefined": true
      }
    ],
    "isTemplate": false,
    "count": 0,
    "updated": 0
  },
  {
    "id": "4898349f-0b18-40b3-91c1-71e9a2149731",
    "data": [
      {
        "text": "verificar para a ",
        "userDefined": false
      },
      {
        "text": "próxima segunda-feira",
        "alias": "date-time",
        "meta": "@sys.date-time",
        "userDefined": true
      }
    ],
    "isTemplate": false,
    "count": 0,
    "updated": 0
  },
  {
    "id": "42004517-6302-474c-aeeb-69f7c2cf3ae0",
    "data": [
      {
        "text": "isso mudará às ",
        "userDefined": false
      },
      {
        "text": "17h",
        "alias": "date-time",
        "meta": "@sys.date-time",
        "userDefined": true
      }
    ],
    "isTemplate": false,
    "count": 0,
    "updated": 0
  },
  {
    "id": "c189b46e-15fd-4864-adda-b8e1fe783ac1",
    "data": [
      {
        "text": "e ",
        "userDefined": false
      },
      {
        "text": "hoje",
        "alias": "date-time",
        "meta": "@sys.date-time",
        "userDefined": true
      }
    ],
    "isTemplate": false,
    "count": 0,
    "updated": 0
  },
  {
    "id": "cf493e1d-ac8b-450a-8015-419c9e5d6fd4",
    "data": [
      {
        "text": "na ",
        "userDefined": false
      },
      {
        "text": "quarta-feira",
        "alias": "date-time",
        "meta": "@sys.date-time",
        "userDefined": true
      }
    ],
    "isTemplate": false,
    "count": 0,
    "updated": 0
  },
  {
    "id": "496c1b01-9867-4814-b2d6-d11f2bbadb87",
    "data": [
      {
        "text": "e ",
        "userDefined": false
      },
      {
        "text": "amanhã",
        "alias": "date-time",
        "meta": "@sys.date-time",
        "userDefined": true
      }
    ],
    "isTemplate": false,
    "count": 1,
    "updated": 0
  }
]