[
  {
    "id": "696340d6-a633-430a-b831-daf2381c88e3",
    "data": [
      {
        "text": "what about ",
        "userDefined": false
      },
      {
        "text": "sunglasses",
        "alias": "outfit",
        "meta": "@outfit",
        "userDefined": true
      }
    ],
    "isTemplate": false,
    "count": 0,
    "updated": 0
  },
  {
    "id": "c985bd6d-2e1c-4974-99b3-1e2edbdc22ad",
    "data": [
      {
        "text": "my ",
        "userDefined": false
      },
      {
        "text": "coat",
        "alias": "outfit",
        "meta": "@outfit",
        "userDefined": false
      }
    ],
    "isTemplate": false,
    "count": 0,
    "updated": 0
  },
  {
    "id": "6586e2be-0496-4124-ab4f-5965b419da4e",
    "data": [
      {
        "text": "how ",
        "userDefined": false
      },
      {
        "text": "about",
        "meta": "@sys.ignore",
        "userDefined": false
      },
      {
        "text": " my ",
        "userDefined": false
      },
      {
        "text": "raincoat",
        "alias": "outfit",
        "meta": "@outfit",
        "userDefined": false
      }
    ],
    "isTemplate": false,
    "count": 0,
    "updated": 0
  },
  {
    "id": "5041ecd1-3e25-4b23-b628-ea6b4bf3b1d9",
    "data": [
      {
        "text": "and ",
        "userDefined": false
      },
      {
        "text": "umbrella",
        "alias": "outfit",
        "meta": "@outfit",
        "userDefined": true
      }
    ],
    "isTemplate": false,
    "count": 1,
    "updated": 0
  },
  {
    "id": "e6259fd3-27ae-44d1-8d9d-3a328d957703",
    "data": [
      {
        "text": "how ",
        "userDefined": false
      },
      {
        "text": "about",
        "meta": "@sys.ignore",
        "userDefined": true
      },
      {
        "text": " ",
        "userDefined": false
      },
      {
        "text": "raincoat",
        "alias": "outfit",
        "meta": "@outfit",
        "userDefined": true
      }
    ],
    "isTemplate": false,
    "count": 0,
    "updated": 0
  },
  {
    "id": "68b0fd73-a010-4e18-8b44-6e4471ecca63",
    "data": [
      {
        "text": "and ",
        "userDefined": false
      },
      {
        "text": "raincoat",
        "alias": "outfit",
        "meta": "@outfit",
        "userDefined": false
      }
    ],
    "isTemplate": false,
    "count": 0,
    "updated": 0
  },
  {
    "id": "06b0ea5a-eada-48a4-ac99-02f0803597b2",
    "data": [
      {
        "text": "and my ",
        "userDefined": false
      },
      {
        "text": "umbrella",
        "alias": "outfit",
        "meta": "@outfit",
        "userDefined": false
      }
    ],
    "isTemplate": false,
    "count": 0,
    "updated": 0
  },
  {
    "id": "8d4f8a0d-7084-4df5-9f43-17173d43302c",
    "data": [
      {
        "text": "raincoat",
        "alias": "outfit",
        "meta": "@outfit",
        "userDefined": false
      }
    ],
    "isTemplate": false,
    "count": 0,
    "updated": 0
  }
]