[
  {
    "id": "19086236-ec2a-468a-a284-b1c98faf55a7",
    "data": [
      {
        "text": "me podrías decir si estará ",
        "userDefined": false
      },
      {
        "text": "soleado",
        "alias": "condition",
        "meta": "@weather-condition",
        "userDefined": true
      }
    ],
    "isTemplate": false,
    "count": 0,
    "updated": 0
  },
  {
    "id": "052cc038-ce1e-4e3f-9198-f18a8ec4c837",
    "data": [
      {
        "text": "va a ",
        "userDefined": false
      },
      {
        "text": "llover",
        "alias": "condition",
        "meta": "@weather-condition",
        "userDefined": true
      },
      {
        "text": " ",
        "userDefined": false
      },
      {
        "text": "esta noche",
        "alias": "date-time",
        "meta": "@sys.date-time",
        "userDefined": true
      }
    ],
    "isTemplate": false,
    "count": 0,
    "updated": 0
  },
  {
    "id": "3fb212b8-5aeb-4132-bdaf-748708331783",
    "data": [
      {
        "text": "por la noche",
        "alias": "date-time",
        "meta": "@sys.date-time",
        "userDefined": true
      },
      {
        "text": " va a ",
        "userDefined": false
      },
      {
        "text": "llover",
        "alias": "condition",
        "meta": "@weather-condition",
        "userDefined": true
      },
      {
        "text": " en ",
        "userDefined": false
      },
      {
        "text": "Madrid",
        "alias": "address",
        "meta": "@sys.location",
        "userDefined": true
      }
    ],
    "isTemplate": false,
    "count": 0,
    "updated": 0
  },
  {
    "id": "6035b8ca-ba2e-4184-ab48-6f6e7131d1e3",
    "data": [
      {
        "text": "no puedes decirme a qué hora estará ",
        "userDefined": false
      },
      {
        "text": "soleado",
        "alias": "condition",
        "meta": "@weather-condition",
        "userDefined": true
      }
    ],
    "isTemplate": false,
    "count": 0,
    "updated": 0
  },
  {
    "id": "8de5c95c-325b-42bc-8b6d-90102c2a79d6",
    "data": [
      {
        "text": "puedes avisarme si va a ",
        "userDefined": false
      },
      {
        "text": "llover",
        "alias": "condition",
        "meta": "@weather-condition",
        "userDefined": true
      },
      {
        "text": " ",
        "userDefined": false
      },
      {
        "text": "hoy",
        "alias": "date-time",
        "meta": "@sys.date-time",
        "userDefined": true
      }
    ],
    "isTemplate": false,
    "count": 0,
    "updated": 0
  },
  {
    "id": "a13f244a-77e3-4bed-afd3-fbd4a28d28fc",
    "data": [
      {
        "text": "me pregunto si ",
        "userDefined": false
      },
      {
        "text": "lloverá",
        "alias": "condition",
        "meta": "@weather-condition",
        "userDefined": true
      },
      {
        "text": " el ",
        "userDefined": false
      },
      {
        "text": "12 de agosto",
        "alias": "date-time",
        "meta": "@sys.date-time",
        "userDefined": true
      },
      {
        "text": " en ",
        "userDefined": false
      },
      {
        "text": "Nueva York",
        "alias": "address",
        "meta": "@sys.location",
        "userDefined": true
      }
    ],
    "isTemplate": false,
    "count": 0,
    "updated": 0
  },
  {
    "id": "b04e84f6-122e-4e8d-a394-5e22321b9bee",
    "data": [
      {
        "text": "el ",
        "userDefined": false
      },
      {
        "text": "viernes",
        "alias": "date-time",
        "meta": "@sys.date-time",
        "userDefined": true
      },
      {
        "text": " ",
        "userDefined": false
      },
      {
        "text": "lloverá",
        "alias": "condition",
        "meta": "@weather-condition",
        "userDefined": true
      },
      {
        "text": " en ",
        "userDefined": false
      },
      {
        "text": "Murcia",
        "alias": "address",
        "meta": "@sys.location",
        "userDefined": true
      }
    ],
    "isTemplate": false,
    "count": 0,
    "updated": 0
  },
  {
    "id": "de1b6853-60aa-4bbd-b79f-fa570341adef",
    "data": [
      {
        "text": "dime si va a ",
        "userDefined": false
      },
      {
        "text": "llover",
        "alias": "condition",
        "meta": "@weather-condition",
        "userDefined": true
      }
    ],
    "isTemplate": false,
    "count": 0,
    "updated": 0
  },
  {
    "id": "47d7ca96-3197-4ae5-af99-129af80f21b3",
    "data": [
      {
        "text": "quiero saber si va a ",
        "userDefined": false
      },
      {
        "text": "llover",
        "alias": "condition",
        "meta": "@weather-condition",
        "userDefined": true
      }
    ],
    "isTemplate": false,
    "count": 0,
    "updated": 0
  },
  {
    "id": "8fd9653e-0454-4683-af75-b87946c78db8",
    "data": [
      {
        "text": "estará ",
        "userDefined": false
      },
      {
        "text": "nublado",
        "alias": "condition",
        "meta": "@weather-condition",
        "userDefined": true
      },
      {
        "text": " a las ",
        "userDefined": false
      },
      {
        "text": "seis",
        "alias": "date-time",
        "meta": "@sys.date-time",
        "userDefined": true
      }
    ],
    "isTemplate": false,
    "count": 0,
    "updated": 0
  },
  {
    "id": "f32e828c-d388-495e-bb17-706784c9d10e",
    "data": [
      {
        "text": "me",
        "meta": "@sys.ignore",
        "userDefined": false
      },
      {
        "text": " vas a decir ",
        "userDefined": false
      },
      {
        "text": "si",
        "meta": "@sys.ignore",
        "userDefined": false
      },
      {
        "text": " va a ",
        "userDefined": false
      },
      {
        "text": "llover",
        "alias": "condition",
        "meta": "@weather-condition",
        "userDefined": false
      },
      {
        "text": " ",
        "userDefined": false
      },
      {
        "text": "esta noche",
        "alias": "date-time",
        "meta": "@sys.date-time",
        "userDefined": false
      }
    ],
    "isTemplate": false,
    "count": 1,
    "updated": 0
  },
  {
    "id": "7d22c995-f4d3-4c2d-9504-f8b24f7e025e",
    "data": [
      {
        "text": "dime si va a ",
        "userDefined": false
      },
      {
        "text": "nevar",
        "alias": "condition",
        "meta": "@weather-condition",
        "userDefined": true
      },
      {
        "text": " ",
        "userDefined": false
      },
      {
        "text": "esta tarde",
        "alias": "date-time",
        "meta": "@sys.date-time",
        "userDefined": true
      }
    ],
    "isTemplate": false,
    "count": 0,
    "updated": 0
  },
  {
    "id": "5e79ae17-685f-4fdb-800b-26f350fbc86f",
    "data": [
      {
        "text": "Barcelona",
        "alias": "address",
        "meta": "@sys.location",
        "userDefined": true
      },
      {
        "text": " estará ",
        "userDefined": false
      },
      {
        "text": "nublada",
        "alias": "condition",
        "meta": "@weather-condition",
        "userDefined": true
      },
      {
        "text": " ",
        "userDefined": false
      },
      {
        "text": "todo el día",
        "alias": "date-time",
        "meta": "@sys.date-time",
        "userDefined": true
      }
    ],
    "isTemplate": false,
    "count": 0,
    "updated": 0
  },
  {
    "id": "b1c5d7f8-1014-44c4-a8b6-021bf6386340",
    "data": [
      {
        "text": "dime si va a ",
        "userDefined": false
      },
      {
        "text": "llover",
        "alias": "condition",
        "meta": "@weather-condition",
        "userDefined": true
      },
      {
        "text": " ",
        "userDefined": false
      },
      {
        "text": "esta tarde",
        "alias": "date-time",
        "meta": "@sys.date-time",
        "userDefined": true
      }
    ],
    "isTemplate": false,
    "count": 0,
    "updated": 0
  },
  {
    "id": "3cbeffca-b1ca-4eb9-9ad4-1d9c06843a73",
    "data": [
      {
        "text": "me puedes es decir si ",
        "userDefined": false
      },
      {
        "text": "llueve",
        "alias": "condition",
        "meta": "@weather-condition",
        "userDefined": true
      }
    ],
    "isTemplate": false,
    "count": 0,
    "updated": 0
  },
  {
    "id": "e1c36c30-fa66-499f-a243-e9381821428b",
    "data": [
      {
        "text": "está ",
        "userDefined": false
      },
      {
        "text": "lloviendo",
        "alias": "condition",
        "meta": "@weather-condition",
        "userDefined": true
      }
    ],
    "isTemplate": false,
    "count": 0,
    "updated": 0
  },
  {
    "id": "c328da77-6b02-432e-a21b-57dde9c64400",
    "data": [
      {
        "text": "dime si es que va a ",
        "userDefined": false
      },
      {
        "text": "nevar",
        "alias": "condition",
        "meta": "@weather-condition",
        "userDefined": true
      },
      {
        "text": " ",
        "userDefined": false
      },
      {
        "text": "esta noche",
        "alias": "date-time",
        "meta": "@sys.date-time",
        "userDefined": true
      }
    ],
    "isTemplate": false,
    "count": 0,
    "updated": 0
  },
  {
    "id": "1d6f76d0-2381-4ad6-ad5c-75b5cc976006",
    "data": [
      {
        "text": "habrá ",
        "userDefined": false
      },
      {
        "text": "tormenta",
        "alias": "condition",
        "meta": "@weather-condition",
        "userDefined": true
      },
      {
        "text": " ",
        "userDefined": false
      },
      {
        "text": "esta noche",
        "alias": "date-time",
        "meta": "@sys.date-time",
        "userDefined": true
      }
    ],
    "isTemplate": false,
    "count": 0,
    "updated": 0
  },
  {
    "id": "dc019ad9-596a-481c-bb92-175ada510331",
    "data": [
      {
        "text": "esta noche",
        "alias": "date-time",
        "meta": "@sys.date-time",
        "userDefined": true
      },
      {
        "text": " ",
        "userDefined": false
      },
      {
        "text": "lloverá",
        "alias": "condition",
        "meta": "@weather-condition",
        "userDefined": true
      },
      {
        "text": " en ",
        "userDefined": false
      },
      {
        "text": "Madrid",
        "alias": "address",
        "meta": "@sys.location",
        "userDefined": true
      }
    ],
    "isTemplate": false,
    "count": 0,
    "updated": 0
  },
  {
    "id": "c9118216-e31f-42ff-88ab-6d5a1bade9df",
    "data": [
      {
        "text": "estará ",
        "userDefined": false
      },
      {
        "text": "nublado",
        "alias": "condition",
        "meta": "@weather-condition",
        "userDefined": true
      },
      {
        "text": " ",
        "userDefined": false
      },
      {
        "text": "por la tarde",
        "alias": "date-time",
        "meta": "@sys.date-time",
        "userDefined": true
      }
    ],
    "isTemplate": false,
    "count": 0,
    "updated": 0
  },
  {
    "id": "0558eaf6-bc4c-46d0-aa55-3394f037c228",
    "data": [
      {
        "text": "dime si va a estar ",
        "userDefined": false
      },
      {
        "text": "nublado",
        "alias": "condition",
        "meta": "@weather-condition",
        "userDefined": true
      },
      {
        "text": " ",
        "userDefined": false
      },
      {
        "text": "hoy",
        "alias": "date-time",
        "meta": "@sys.date-time",
        "userDefined": true
      }
    ],
    "isTemplate": false,
    "count": 0,
    "updated": 0
  },
  {
    "id": "2159fcc2-2224-49c2-a651-17a17d48a95a",
    "data": [
      {
        "text": "esperamos ",
        "userDefined": false
      },
      {
        "text": "tormentas",
        "alias": "condition",
        "meta": "@weather-condition",
        "userDefined": true
      },
      {
        "text": " ",
        "userDefined": false
      },
      {
        "text": "mañana",
        "alias": "date-time",
        "meta": "@sys.date-time",
        "userDefined": true
      }
    ],
    "isTemplate": false,
    "count": 0,
    "updated": 0
  },
  {
    "id": "4a69ad6f-d7c5-4c4c-8faf-f60326dec5f7",
    "data": [
      {
        "text": "esta tarde",
        "alias": "date-time",
        "meta": "@sys.date-time",
        "userDefined": true
      },
      {
        "text": " va a estar ",
        "userDefined": false
      },
      {
        "text": "nublado",
        "alias": "condition",
        "meta": "@weather-condition",
        "userDefined": true
      }
    ],
    "isTemplate": false,
    "count": 0,
    "updated": 0
  },
  {
    "id": "2f4db055-a385-48e5-91f1-e257aa605e94",
    "data": [
      {
        "text": "avisarme si va a estar ",
        "userDefined": false
      },
      {
        "text": "nublado",
        "alias": "condition",
        "meta": "@weather-condition",
        "userDefined": true
      }
    ],
    "isTemplate": false,
    "count": 0,
    "updated": 0
  },
  {
    "id": "8a8c5795-a993-4186-8def-5dbbbf848fd4",
    "data": [
      {
        "text": "dime si va a ",
        "userDefined": false
      },
      {
        "text": "llover",
        "alias": "condition",
        "meta": "@weather-condition",
        "userDefined": true
      },
      {
        "text": " ",
        "userDefined": false
      },
      {
        "text": "esta noche",
        "alias": "date-time",
        "meta": "@sys.date-time",
        "userDefined": true
      }
    ],
    "isTemplate": false,
    "count": 0,
    "updated": 0
  },
  {
    "id": "e738124e-7154-46af-b318-1efaf7fc8bdd",
    "data": [
      {
        "text": "va a ",
        "userDefined": false
      },
      {
        "text": "nevar",
        "alias": "condition",
        "meta": "@weather-condition",
        "userDefined": true
      },
      {
        "text": " ",
        "userDefined": false
      },
      {
        "text": "por la tarde",
        "alias": "date-time",
        "meta": "@sys.date-time",
        "userDefined": true
      }
    ],
    "isTemplate": false,
    "count": 0,
    "updated": 0
  },
  {
    "id": "5975b8ad-9380-4740-864f-f2cfd644ce03",
    "data": [
      {
        "text": "hay ",
        "userDefined": false
      },
      {
        "text": "huracán",
        "alias": "condition",
        "meta": "@weather-condition",
        "userDefined": true
      },
      {
        "text": " en ",
        "userDefined": false
      },
      {
        "text": "Miami",
        "alias": "address",
        "meta": "@sys.location",
        "userDefined": true
      }
    ],
    "isTemplate": false,
    "count": 0,
    "updated": 0
  },
  {
    "id": "f2761f97-f8a3-4f69-a17b-5eeb9a36b4f4",
    "data": [
      {
        "text": "esta noche",
        "alias": "date-time",
        "meta": "@sys.date-time",
        "userDefined": true
      },
      {
        "text": " va a ",
        "userDefined": false
      },
      {
        "text": "nevar",
        "alias": "condition",
        "meta": "@weather-condition",
        "userDefined": true
      },
      {
        "text": " en ",
        "userDefined": false
      },
      {
        "text": "Roma",
        "alias": "address",
        "meta": "@sys.location",
        "userDefined": true
      }
    ],
    "isTemplate": false,
    "count": 0,
    "updated": 0
  },
  {
    "id": "f82595e8-087c-46ad-b369-731eddcfec7d",
    "data": [
      {
        "text": "expectamos ",
        "userDefined": false
      },
      {
        "text": "chubascos",
        "alias": "condition",
        "meta": "@weather-condition",
        "userDefined": true
      },
      {
        "text": " ",
        "userDefined": false
      },
      {
        "text": "mañana",
        "alias": "date-time",
        "meta": "@sys.date-time",
        "userDefined": true
      },
      {
        "text": " en ",
        "userDefined": false
      },
      {
        "text": "Londres",
        "alias": "address",
        "meta": "@sys.location",
        "userDefined": true
      }
    ],
    "isTemplate": false,
    "count": 0,
    "updated": 0
  },
  {
    "id": "c85ebec2-04f4-4351-835d-47ddfa7ce332",
    "data": [
      {
        "text": "dime si ",
        "userDefined": false
      },
      {
        "text": "lloverá",
        "alias": "condition",
        "meta": "@weather-condition",
        "userDefined": true
      },
      {
        "text": " ",
        "userDefined": false
      },
      {
        "text": "hoy",
        "alias": "date-time",
        "meta": "@sys.date-time",
        "userDefined": true
      }
    ],
    "isTemplate": false,
    "count": 0,
    "updated": 0
  },
  {
    "id": "d9860521-ae76-459c-b04b-469f7cfa741e",
    "data": [
      {
        "text": "avísame ",
        "userDefined": false
      },
      {
        "text": "si",
        "meta": "@sys.ignore",
        "userDefined": false
      },
      {
        "text": " va a ",
        "userDefined": false
      },
      {
        "text": "llover",
        "alias": "condition",
        "meta": "@weather-condition",
        "userDefined": false
      }
    ],
    "isTemplate": false,
    "count": 0,
    "updated": 0
  },
  {
    "id": "d7a4ae71-c696-4038-af04-f31fb22719bb",
    "data": [
      {
        "text": "anoche",
        "alias": "date-time",
        "meta": "@sys.date-time",
        "userDefined": true
      },
      {
        "text": " va a ",
        "userDefined": false
      },
      {
        "text": "llover",
        "alias": "condition",
        "meta": "@weather-condition",
        "userDefined": true
      },
      {
        "text": " en ",
        "userDefined": false
      },
      {
        "text": "Moscú",
        "alias": "address",
        "meta": "@sys.location",
        "userDefined": true
      }
    ],
    "isTemplate": false,
    "count": 0,
    "updated": 0
  },
  {
    "id": "996255a1-8edf-4f65-b0b6-c8789393cb72",
    "data": [
      {
        "text": "ahora más tarde caerá ",
        "userDefined": false
      },
      {
        "text": "nieve",
        "alias": "condition",
        "meta": "@weather-condition",
        "userDefined": true
      }
    ],
    "isTemplate": false,
    "count": 0,
    "updated": 0
  },
  {
    "id": "3a18a9bc-186c-46c9-be26-76cf1fd6affe",
    "data": [
      {
        "text": "estará ",
        "userDefined": false
      },
      {
        "text": "nublado",
        "alias": "condition",
        "meta": "@weather-condition",
        "userDefined": true
      },
      {
        "text": " ",
        "userDefined": false
      },
      {
        "text": "hoy",
        "alias": "date-time",
        "meta": "@sys.date-time",
        "userDefined": true
      },
      {
        "text": " en ",
        "userDefined": false
      },
      {
        "text": "Galicia",
        "alias": "address",
        "meta": "@sys.location",
        "userDefined": true
      }
    ],
    "isTemplate": false,
    "count": 0,
    "updated": 0
  },
  {
    "id": "1c6b28bb-3c6f-4020-9408-43d612a77c10",
    "data": [
      {
        "text": "necesito saber si habrá ",
        "userDefined": false
      },
      {
        "text": "tormenta",
        "alias": "condition",
        "meta": "@weather-condition",
        "userDefined": true
      }
    ],
    "isTemplate": false,
    "count": 0,
    "updated": 0
  },
  {
    "id": "125fc8d3-722a-4457-802a-5585e69354da",
    "data": [
      {
        "text": "quisiera saber si habrá ",
        "userDefined": false
      },
      {
        "text": "nevada",
        "alias": "condition",
        "meta": "@weather-condition",
        "userDefined": true
      }
    ],
    "isTemplate": false,
    "count": 0,
    "updated": 0
  },
  {
    "id": "b44afccd-a12c-4cce-aecc-38152a637038",
    "data": [
      {
        "text": "me interesa que me digas si habrá ",
        "userDefined": false
      },
      {
        "text": "chubascos",
        "alias": "condition",
        "meta": "@weather-condition",
        "userDefined": true
      },
      {
        "text": " ",
        "userDefined": false
      },
      {
        "text": "mañana",
        "alias": "date-time",
        "meta": "@sys.date-time",
        "userDefined": true
      }
    ],
    "isTemplate": false,
    "count": 0,
    "updated": 0
  },
  {
    "id": "7786c635-1052-415e-8546-19456b1af225",
    "data": [
      {
        "text": "habrá ",
        "userDefined": false
      },
      {
        "text": "neblina",
        "alias": "condition",
        "meta": "@weather-condition",
        "userDefined": true
      },
      {
        "text": " ",
        "userDefined": false
      },
      {
        "text": "esta noche",
        "alias": "date-time",
        "meta": "@sys.date-time",
        "userDefined": true
      },
      {
        "text": " en ",
        "userDefined": false
      },
      {
        "text": "Barcelona",
        "alias": "address",
        "meta": "@sys.location",
        "userDefined": true
      }
    ],
    "isTemplate": false,
    "count": 0,
    "updated": 0
  },
  {
    "id": "b1a1e045-273d-485e-b9d1-78241191adf8",
    "data": [
      {
        "text": "hace ",
        "userDefined": false
      },
      {
        "text": "sol",
        "alias": "condition",
        "meta": "@weather-condition",
        "userDefined": true
      },
      {
        "text": " en ",
        "userDefined": false
      },
      {
        "text": "Valladolid",
        "alias": "address",
        "meta": "@sys.location",
        "userDefined": true
      }
    ],
    "isTemplate": false,
    "count": 0,
    "updated": 0
  },
  {
    "id": "0812f629-670d-455a-adc4-eec04297dbf3",
    "data": [
      {
        "text": "me dirías si estará ",
        "userDefined": false
      },
      {
        "text": "nublado",
        "alias": "condition",
        "meta": "@weather-condition",
        "userDefined": true
      },
      {
        "text": " el ",
        "userDefined": false
      },
      {
        "text": "15 de marzo",
        "alias": "date-time",
        "meta": "@sys.date-time",
        "userDefined": true
      },
      {
        "text": " en ",
        "userDefined": false
      },
      {
        "text": "Valencia",
        "alias": "address",
        "meta": "@sys.location",
        "userDefined": true
      }
    ],
    "isTemplate": false,
    "count": 0,
    "updated": 0
  },
  {
    "id": "621aae43-c3bf-4097-93ed-516db0e37e97",
    "data": [
      {
        "text": "va a haber ",
        "userDefined": false
      },
      {
        "text": "nevada",
        "alias": "condition",
        "meta": "@weather-condition",
        "userDefined": true
      },
      {
        "text": " ",
        "userDefined": false
      },
      {
        "text": "mañana por la mañana",
        "alias": "date-time",
        "meta": "@sys.date-time",
        "userDefined": true
      }
    ],
    "isTemplate": false,
    "count": 0,
    "updated": 0
  },
  {
    "id": "93f94003-4dae-46c5-afa4-df19813c1863",
    "data": [
      {
        "text": "lloverá",
        "alias": "condition",
        "meta": "@weather-condition",
        "userDefined": true
      },
      {
        "text": " ",
        "userDefined": false
      },
      {
        "text": "hoy",
        "alias": "date-time",
        "meta": "@sys.date-time",
        "userDefined": true
      }
    ],
    "isTemplate": false,
    "count": 0,
    "updated": 0
  },
  {
    "id": "592bda58-252f-4c7c-b97e-5137e0e1cf05",
    "data": [
      {
        "text": "hay ",
        "userDefined": false
      },
      {
        "text": "tormenta",
        "alias": "condition",
        "meta": "@weather-condition",
        "userDefined": true
      }
    ],
    "isTemplate": false,
    "count": 0,
    "updated": 0
  }
]