[
  {
    "id": "a6d8c6a0-5d79-451b-a744-69e7a66840fb",
    "data": [
      {
        "text": "você acha que o clima está ruim para ",
        "userDefined": false
      },
      {
        "text": "jogar frisbee",
        "alias": "activity",
        "meta": "@activity",
        "userDefined": true
      }
    ],
    "isTemplate": false,
    "count": 0,
    "updated": 0
  },
  {
    "id": "fff90135-15c1-4cdf-b3c0-e938f5a0aeb1",
    "data": [
      {
        "text": "o clima está bom para ",
        "userDefined": false
      },
      {
        "text": "guerras de bola de neve",
        "alias": "activity",
        "meta": "@activity",
        "userDefined": true
      }
    ],
    "isTemplate": false,
    "count": 0,
    "updated": 0
  },
  {
    "id": "6ef4c2f0-9034-47c9-b069-8eb3e44c1c1b",
    "data": [
      {
        "text": "me diga se o tempo está bom para ",
        "userDefined": false
      },
      {
        "text": "surfar",
        "alias": "activity",
        "meta": "@activity",
        "userDefined": false
      },
      {
        "text": " ",
        "userDefined": false
      },
      {
        "text": "hoje",
        "alias": "date-time",
        "meta": "@sys.date-time",
        "userDefined": false
      },
      {
        "text": " no ",
        "userDefined": false
      },
      {
        "text": "Rio de Janeiro",
        "alias": "address",
        "meta": "@sys.location",
        "userDefined": true
      }
    ],
    "isTemplate": false,
    "count": 0,
    "updated": 0
  },
  {
    "id": "7ee4ad32-ea18-4827-ad37-37cbe93c37e4",
    "data": [
      {
        "text": "em ",
        "userDefined": false
      },
      {
        "text": "Salvador",
        "alias": "address",
        "meta": "@sys.location",
        "userDefined": false
      },
      {
        "text": " o tempo está bom para ",
        "userDefined": false
      },
      {
        "text": "ir a praia",
        "alias": "activity",
        "meta": "@activity",
        "userDefined": true
      }
    ],
    "isTemplate": false,
    "count": 0,
    "updated": 0
  },
  {
    "id": "a1d6809c-06b9-4c16-9c48-124a7f7c8d8e",
    "data": [
      {
        "text": "você acha que o clima está bom para ",
        "userDefined": false
      },
      {
        "text": "pedalar",
        "alias": "activity",
        "meta": "@activity",
        "userDefined": true
      }
    ],
    "isTemplate": false,
    "count": 0,
    "updated": 0
  },
  {
    "id": "ed183819-31e2-4172-90f5-9450ea3b9164",
    "data": [
      {
        "text": "o tempo está bom o bastante para ",
        "userDefined": false
      },
      {
        "text": "jogar frisbee",
        "alias": "activity",
        "meta": "@activity",
        "userDefined": true
      },
      {
        "text": " lá fora",
        "userDefined": false
      }
    ],
    "isTemplate": false,
    "count": 1,
    "updated": 0
  },
  {
    "id": "112d1a01-7ca5-42de-8593-b0c8440f885c",
    "data": [
      {
        "text": "o clima está bom para ",
        "userDefined": false
      },
      {
        "text": "caminhar",
        "alias": "activity",
        "meta": "@activity",
        "userDefined": true
      }
    ],
    "isTemplate": false,
    "count": 0,
    "updated": 0
  },
  {
    "id": "a904ad5f-47e3-47fd-bbcb-0d275e418caf",
    "data": [
      {
        "text": "caminhada",
        "alias": "activity",
        "meta": "@activity",
        "userDefined": true
      },
      {
        "text": " é uma boa ideia agora",
        "userDefined": false
      }
    ],
    "isTemplate": false,
    "count": 1,
    "updated": 0
  },
  {
    "id": "e3662f23-e009-451c-ac77-68ac3243a64c",
    "data": [
      {
        "text": "o clima está bom o suficiente para ",
        "userDefined": false
      },
      {
        "text": "jogar frisbee",
        "alias": "activity",
        "meta": "@activity",
        "userDefined": true
      },
      {
        "text": " ao ar livre",
        "userDefined": false
      }
    ],
    "isTemplate": false,
    "count": 0,
    "updated": 0
  },
  {
    "id": "8dd4282b-fc8a-41b7-a381-ae8a668aab4b",
    "data": [
      {
        "text": "quero fazer uma ",
        "userDefined": false
      },
      {
        "text": "caminhada",
        "alias": "activity",
        "meta": "@activity",
        "userDefined": true
      },
      {
        "text": " ",
        "userDefined": false
      },
      {
        "text": "amanhã de manhã",
        "alias": "date-time",
        "meta": "@sys.date-time",
        "userDefined": true
      },
      {
        "text": " pode me dizer se o tempo estará bom",
        "userDefined": false
      }
    ],
    "isTemplate": false,
    "count": 0,
    "updated": 0
  },
  {
    "id": "213295d6-2db9-4f50-a3ca-2238776addc8",
    "data": [
      {
        "text": "devo sair para ",
        "userDefined": false
      },
      {
        "text": "correr",
        "alias": "activity",
        "meta": "@activity",
        "userDefined": true
      }
    ],
    "isTemplate": false,
    "count": 0,
    "updated": 0
  },
  {
    "id": "b1398ae8-2271-4cf9-bc12-d14912fb38d6",
    "data": [
      {
        "text": "é uma boa ideia fazer uma ",
        "userDefined": false
      },
      {
        "text": "caminhada",
        "alias": "activity",
        "meta": "@activity",
        "userDefined": true
      },
      {
        "text": " agora",
        "userDefined": false
      }
    ],
    "isTemplate": false,
    "count": 0,
    "updated": 0
  },
  {
    "id": "e6c72836-1b6d-4139-8cb6-1f5fd6cd188b",
    "data": [
      {
        "text": "planejo ",
        "userDefined": false
      },
      {
        "text": "esquiar",
        "alias": "activity",
        "meta": "@activity",
        "userDefined": true
      },
      {
        "text": " ",
        "userDefined": false
      },
      {
        "text": "hoje",
        "alias": "date-time",
        "meta": "@sys.date-time",
        "userDefined": true
      },
      {
        "text": " é possível",
        "userDefined": false
      }
    ],
    "isTemplate": false,
    "count": 0,
    "updated": 0
  },
  {
    "id": "9436ba34-7d68-4441-9b34-89c14ee376dd",
    "data": [
      {
        "text": "posso ",
        "userDefined": false
      },
      {
        "text": "surfar",
        "alias": "activity",
        "meta": "@activity",
        "userDefined": true
      }
    ],
    "isTemplate": false,
    "count": 0,
    "updated": 0
  }
]