[
  {
    "id": "02665039-ccbf-418b-934d-de341af471f5",
    "data": [
      {
        "text": "今週末",
        "alias": "date-time",
        "meta": "@sys.date-time",
        "userDefined": true
      },
      {
        "text": "の",
        "userDefined": false
      },
      {
        "text": "モスクワ",
        "alias": "address",
        "meta": "@sys.location",
        "userDefined": true
      }
    ],
    "isTemplate": false,
    "count": 0,
    "updated": 0
  },
  {
    "id": "035424ae-3c75-4b6e-8573-cc46430ed90f",
    "data": [
      {
        "text": "じゃあ",
        "userDefined": false
      },
      {
        "text": "来週の金曜日",
        "alias": "date-time",
        "meta": "@sys.date-time",
        "userDefined": true
      },
      {
        "text": "の",
        "userDefined": false
      },
      {
        "text": "パリ",
        "alias": "address",
        "meta": "@sys.location",
        "userDefined": true
      },
      {
        "text": "はどう",
        "userDefined": false
      }
    ],
    "isTemplate": false,
    "count": 0,
    "updated": 0
  },
  {
    "id": "684f0755-d792-4679-99be-2d84766a5948",
    "data": [
      {
        "text": "明日",
        "alias": "date-time",
        "meta": "@sys.date-time",
        "userDefined": true
      },
      {
        "text": "の",
        "userDefined": false
      },
      {
        "text": "福岡市",
        "alias": "address",
        "meta": "@sys.location",
        "userDefined": true
      },
      {
        "text": "は",
        "meta": "@sys.ignore",
        "userDefined": true
      },
      {
        "text": "どう",
        "userDefined": false
      }
    ],
    "isTemplate": false,
    "count": 0,
    "updated": 0
  },
  {
    "id": "92131793-5a5c-4f65-b939-b568f681e0d8",
    "data": [
      {
        "text": "明日",
        "alias": "date-time",
        "meta": "@sys.date-time",
        "userDefined": true
      },
      {
        "text": "の",
        "userDefined": false
      },
      {
        "text": "マドリード",
        "alias": "address",
        "meta": "@sys.location",
        "userDefined": true
      }
    ],
    "isTemplate": false,
    "count": 0,
    "updated": 0
  }
]