[
  {
    "id": "7a4cd514-9d53-49f6-9d93-e1a33c3fdcf0",
    "data": [
      {
        "text": "cuál es el pronóstico del clima en ",
        "userDefined": false
      },
      {
        "text": "México",
        "alias": "address",
        "meta": "@sys.location",
        "userDefined": true
      },
      {
        "text": " para el ",
        "userDefined": false
      },
      {
        "text": "12 de octubre",
        "alias": "date-time",
        "meta": "@sys.date-time",
        "userDefined": true
      }
    ],
    "isTemplate": false,
    "count": 0,
    "updated": 0
  },
  {
    "id": "6d9f3923-8008-4b32-b1c3-3efba3c440cf",
    "data": [
      {
        "text": "pronóstico meteorológico para la ",
        "userDefined": false
      },
      {
        "text": "semana",
        "alias": "date-time",
        "meta": "@sys.date-time",
        "userDefined": true
      }
    ],
    "isTemplate": false,
    "count": 0,
    "updated": 0
  },
  {
    "id": "74c3c6ec-c50f-47a6-8afc-03300be8ffb4",
    "data": [
      {
        "text": "qué tiempo hace ahora en ",
        "userDefined": false
      },
      {
        "text": "Roma",
        "alias": "address",
        "meta": "@sys.location",
        "userDefined": true
      }
    ],
    "isTemplate": false,
    "count": 0,
    "updated": 0
  },
  {
    "id": "a2852817-65af-46b1-bd95-a5e1550b0233",
    "data": [
      {
        "text": "pronóstico del tiempo en ",
        "userDefined": false
      },
      {
        "text": "Portugal",
        "alias": "address",
        "meta": "@sys.location",
        "userDefined": true
      },
      {
        "text": " para el ",
        "userDefined": false
      },
      {
        "text": "fin de semana",
        "alias": "date-time",
        "meta": "@sys.date-time",
        "userDefined": true
      }
    ],
    "isTemplate": false,
    "count": 0,
    "updated": 0
  },
  {
    "id": "929a5547-c9c0-48cb-9bdb-dfcc59027667",
    "data": [
      {
        "text": "clima en ",
        "userDefined": false
      },
      {
        "text": "Madrid",
        "alias": "address",
        "meta": "@sys.location",
        "userDefined": true
      }
    ],
    "isTemplate": false,
    "count": 0,
    "updated": 0
  },
  {
    "id": "66f373a0-6b67-4068-8bef-bb3344f31a84",
    "data": [
      {
        "text": "muéstrame el tiempo para el ",
        "userDefined": false
      },
      {
        "text": "22 de agosto",
        "alias": "date-time",
        "meta": "@sys.date-time",
        "userDefined": true
      },
      {
        "text": " en ",
        "userDefined": false
      },
      {
        "text": "Centígrados",
        "alias": "unit",
        "meta": "@unit-temperature",
        "userDefined": true
      }
    ],
    "isTemplate": false,
    "count": 0,
    "updated": 0
  },
  {
    "id": "df596ede-d21a-4d32-81bc-b34fb7dd5997",
    "data": [
      {
        "text": "pronóstico del tiempo en ",
        "userDefined": false
      },
      {
        "text": "Madrid",
        "alias": "address",
        "meta": "@sys.location",
        "userDefined": true
      },
      {
        "text": " para ",
        "userDefined": false
      },
      {
        "text": "este finde",
        "alias": "date-time",
        "meta": "@sys.date-time",
        "userDefined": true
      }
    ],
    "isTemplate": false,
    "count": 0,
    "updated": 0
  },
  {
    "id": "efdf0166-8a56-4f14-bcb8-215f895fb096",
    "data": [
      {
        "text": "qué ",
        "userDefined": false
      },
      {
        "text": "tiempo",
        "meta": "@sys.ignore",
        "userDefined": true
      },
      {
        "text": " hace en ",
        "userDefined": false
      },
      {
        "text": "Valencia",
        "alias": "address",
        "meta": "@sys.location",
        "userDefined": true
      }
    ],
    "isTemplate": false,
    "count": 1,
    "updated": 0
  },
  {
    "id": "bc42df03-5c06-45fc-83e9-06358e6b1289",
    "data": [
      {
        "text": "tiempo",
        "userDefined": false
      }
    ],
    "isTemplate": false,
    "count": 0,
    "updated": 0
  },
  {
    "id": "b5f87525-1118-40fb-9f6a-39ee5f80cd30",
    "data": [
      {
        "text": "qué tiempo hace en ",
        "userDefined": false
      },
      {
        "text": "Nueva York",
        "alias": "address",
        "meta": "@sys.location",
        "userDefined": true
      },
      {
        "text": " ",
        "userDefined": false
      },
      {
        "text": "por la mañana",
        "alias": "date-time",
        "meta": "@sys.date-time",
        "userDefined": true
      }
    ],
    "isTemplate": false,
    "count": 1,
    "updated": 0
  },
  {
    "id": "b9165f5e-c36a-496f-996a-4fa3aab642a7",
    "data": [
      {
        "text": "muéstrame el tiempo en grados ",
        "userDefined": false
      },
      {
        "text": "Fahrenheit",
        "alias": "unit",
        "meta": "@unit-temperature",
        "userDefined": true
      }
    ],
    "isTemplate": false,
    "count": 0,
    "updated": 0
  },
  {
    "id": "c4e5167d-15fa-4ab3-894d-f14b5ca27ef0",
    "data": [
      {
        "text": "dime cómo está el tiempo en ",
        "userDefined": false
      },
      {
        "text": "Estocolmo",
        "alias": "address",
        "meta": "@sys.location",
        "userDefined": true
      },
      {
        "text": " en grados ",
        "userDefined": false
      },
      {
        "text": "Fahrenheit",
        "alias": "unit",
        "meta": "@unit-temperature",
        "userDefined": true
      }
    ],
    "isTemplate": false,
    "count": 0,
    "updated": 0
  },
  {
    "id": "9b720f4c-36f4-4341-ada1-80f1038aa26a",
    "data": [
      {
        "text": "cómo",
        "meta": "@sys.ignore",
        "userDefined": true
      },
      {
        "text": " está ",
        "userDefined": false
      },
      {
        "text": "el",
        "meta": "@sys.ignore",
        "userDefined": true
      },
      {
        "text": " clima en ",
        "userDefined": false
      },
      {
        "text": "Barcelona",
        "alias": "address",
        "meta": "@sys.location",
        "userDefined": true
      },
      {
        "text": "  ",
        "userDefined": false
      },
      {
        "text": "hoy",
        "alias": "date-time",
        "meta": "@sys.date-time",
        "userDefined": true
      }
    ],
    "isTemplate": false,
    "count": 1,
    "updated": 0
  },
  {
    "id": "226c96cc-e6e7-49fe-ae93-6acec9e287fb",
    "data": [
      {
        "text": "clima en ",
        "userDefined": false
      },
      {
        "text": "Caracas",
        "alias": "address",
        "meta": "@sys.location",
        "userDefined": true
      },
      {
        "text": " ",
        "userDefined": false
      },
      {
        "text": "hoy a las 6 de la tarde",
        "alias": "date-time",
        "meta": "@sys.date-time",
        "userDefined": true
      }
    ],
    "isTemplate": false,
    "count": 0,
    "updated": 0
  },
  {
    "id": "96d28d7e-5080-48d2-a592-99a241bf210f",
    "data": [
      {
        "text": "me",
        "meta": "@sys.ignore",
        "userDefined": true
      },
      {
        "text": " dices ",
        "userDefined": false
      },
      {
        "text": "cómo",
        "meta": "@sys.ignore",
        "userDefined": true
      },
      {
        "text": " está ",
        "userDefined": false
      },
      {
        "text": "el",
        "meta": "@sys.ignore",
        "userDefined": true
      },
      {
        "text": " clima",
        "userDefined": false
      }
    ],
    "isTemplate": false,
    "count": 0,
    "updated": 0
  },
  {
    "id": "e526673c-b934-462d-89bd-fde61c37e37b",
    "data": [
      {
        "text": "qué tal estará el tiempo en ",
        "userDefined": false
      },
      {
        "text": "Benidorm",
        "alias": "address",
        "meta": "@sys.location",
        "userDefined": true
      },
      {
        "text": " ",
        "userDefined": false
      },
      {
        "text": "mañana a las 9",
        "alias": "date-time",
        "meta": "@sys.date-time",
        "userDefined": true
      }
    ],
    "isTemplate": false,
    "count": 0,
    "updated": 0
  },
  {
    "id": "274e5ca6-f376-49dd-b925-69fb69ffd2f8",
    "data": [
      {
        "text": "muéstrame el tiempo para la ",
        "userDefined": false
      },
      {
        "text": "próxima semana",
        "alias": "date-time",
        "meta": "@sys.date-time",
        "userDefined": true
      }
    ],
    "isTemplate": false,
    "count": 0,
    "updated": 0
  },
  {
    "id": "f6beb774-5403-4cad-847e-4bfdc9deb3d4",
    "data": [
      {
        "text": "cuántos grados hace ",
        "userDefined": false
      },
      {
        "text": "hoy",
        "alias": "date-time",
        "meta": "@sys.date-time",
        "userDefined": true
      },
      {
        "text": " en ",
        "userDefined": false
      },
      {
        "text": "Salamanca",
        "alias": "address",
        "meta": "@sys.location",
        "userDefined": true
      }
    ],
    "isTemplate": false,
    "count": 0,
    "updated": 0
  },
  {
    "id": "f6e0950e-6f8f-4d7d-b7ad-73ad097b7b6e",
    "data": [
      {
        "text": "cómo está el clima",
        "userDefined": false
      }
    ],
    "isTemplate": false,
    "count": 0,
    "updated": 0
  },
  {
    "id": "2fd5a381-9605-4a35-8c1b-df2922f6a222",
    "data": [
      {
        "text": "tiempo en ",
        "userDefined": false
      },
      {
        "text": "Londres",
        "alias": "address",
        "meta": "@sys.location",
        "userDefined": true
      },
      {
        "text": " en ",
        "userDefined": false
      },
      {
        "text": "marzo",
        "alias": "date-time",
        "meta": "@sys.date-time",
        "userDefined": true
      }
    ],
    "isTemplate": false,
    "count": 0,
    "updated": 0
  },
  {
    "id": "69962b53-7306-4e94-916c-182c71529538",
    "data": [
      {
        "text": "qué ",
        "userDefined": false
      },
      {
        "text": "tiempo",
        "meta": "@sys.ignore",
        "userDefined": true
      },
      {
        "text": " hace",
        "userDefined": false
      }
    ],
    "isTemplate": false,
    "count": 0,
    "updated": 0
  },
  {
    "id": "0f74efcd-30ef-4803-9038-58f3c158a429",
    "data": [
      {
        "text": "avísame cómo está el clima en ",
        "userDefined": false
      },
      {
        "text": "Moscú",
        "alias": "address",
        "meta": "@sys.location",
        "userDefined": true
      }
    ],
    "isTemplate": false,
    "count": 0,
    "updated": 0
  },
  {
    "id": "8597ed67-45a8-41e5-bf24-9d71ede2ae85",
    "data": [
      {
        "text": "pronóstico ",
        "userDefined": false
      },
      {
        "text": "del",
        "meta": "@sys.ignore",
        "userDefined": false
      },
      {
        "text": " tiempo",
        "userDefined": false
      }
    ],
    "isTemplate": false,
    "count": 0,
    "updated": 0
  },
  {
    "id": "5cb297fd-c01d-438c-bc7b-1a0a2f09f05b",
    "data": [
      {
        "text": "qué tiempo va a hacer ",
        "userDefined": false
      },
      {
        "text": "mañana",
        "alias": "date-time",
        "meta": "@sys.date-time",
        "userDefined": true
      }
    ],
    "isTemplate": false,
    "count": 0,
    "updated": 0
  },
  {
    "id": "4d8f667d-b6a2-4981-a937-1cce01cbb1a7",
    "data": [
      {
        "text": "qué tiempo va a hacer el ",
        "userDefined": false
      },
      {
        "text": "viernes",
        "alias": "date-time",
        "meta": "@sys.date-time",
        "userDefined": true
      }
    ],
    "isTemplate": false,
    "count": 0,
    "updated": 0
  },
  {
    "id": "395f7a8e-be04-47eb-b8e8-6ae735b9df27",
    "data": [
      {
        "text": "cómo estará el clima en ",
        "userDefined": false
      },
      {
        "text": "Valladolid",
        "alias": "address",
        "meta": "@sys.location",
        "userDefined": true
      },
      {
        "text": " ",
        "userDefined": false
      },
      {
        "text": "este finde",
        "alias": "date-time",
        "meta": "@sys.date-time",
        "userDefined": true
      }
    ],
    "isTemplate": false,
    "count": 0,
    "updated": 0
  },
  {
    "id": "5eabf03c-3bb5-4fe5-afc3-f09c8ac104dc",
    "data": [
      {
        "text": "Nueva York",
        "alias": "address",
        "meta": "@sys.location",
        "userDefined": true
      },
      {
        "text": " clima",
        "userDefined": false
      }
    ],
    "isTemplate": false,
    "count": 0,
    "updated": 0
  },
  {
    "id": "edd65d0f-d249-403a-a9b5-65c9ede6eea7",
    "data": [
      {
        "text": "infórmame cómo está el clima en ",
        "userDefined": false
      },
      {
        "text": "Palo Alto",
        "alias": "address",
        "meta": "@sys.location",
        "userDefined": true
      }
    ],
    "isTemplate": false,
    "count": 0,
    "updated": 0
  },
  {
    "id": "0389f963-3ab5-4009-9251-31565482ff21",
    "data": [
      {
        "text": "me",
        "meta": "@sys.ignore",
        "userDefined": true
      },
      {
        "text": " interesa saber ",
        "userDefined": false
      },
      {
        "text": "cómo",
        "meta": "@sys.ignore",
        "userDefined": true
      },
      {
        "text": " está ",
        "userDefined": false
      },
      {
        "text": "el",
        "meta": "@sys.ignore",
        "userDefined": true
      },
      {
        "text": " clima",
        "userDefined": false
      }
    ],
    "isTemplate": false,
    "count": 0,
    "updated": 0
  },
  {
    "id": "041d5d19-7c3d-4241-809a-0311271a28ff",
    "data": [
      {
        "text": "quiero saber sobre el clima ahora",
        "userDefined": false
      }
    ],
    "isTemplate": false,
    "count": 0,
    "updated": 0
  },
  {
    "id": "3773b3f7-8cce-429c-94c7-eb6a5cc278a0",
    "data": [
      {
        "text": "cómo",
        "meta": "@sys.ignore",
        "userDefined": true
      },
      {
        "text": " estará ",
        "userDefined": false
      },
      {
        "text": "el",
        "meta": "@sys.ignore",
        "userDefined": true
      },
      {
        "text": " clima en ",
        "userDefined": false
      },
      {
        "text": "Valladolid",
        "alias": "address",
        "meta": "@sys.location",
        "userDefined": true
      },
      {
        "text": " ",
        "userDefined": false
      },
      {
        "text": "este fin de semana",
        "alias": "date-time",
        "meta": "@sys.date-time",
        "userDefined": true
      }
    ],
    "isTemplate": false,
    "count": 0,
    "updated": 0
  },
  {
    "id": "07d739e2-56d2-44e7-b9d4-f4f3f9ce3198",
    "data": [
      {
        "text": "qué tiempo hace en ",
        "userDefined": false
      },
      {
        "text": "Nueva York",
        "alias": "address",
        "meta": "@sys.location",
        "userDefined": true
      },
      {
        "text": " ",
        "userDefined": false
      },
      {
        "text": "esta mañana",
        "alias": "date-time",
        "meta": "@sys.date-time",
        "userDefined": true
      }
    ],
    "isTemplate": false,
    "count": 1,
    "updated": 0
  },
  {
    "id": "b0fa014e-32e3-43cd-974d-046be0bf4053",
    "data": [
      {
        "text": "cómo va a estar el clima ",
        "userDefined": false
      },
      {
        "text": "mañana",
        "alias": "date-time",
        "meta": "@sys.date-time",
        "userDefined": true
      }
    ],
    "isTemplate": false,
    "count": 0,
    "updated": 0
  },
  {
    "id": "bc128c3c-9a52-455d-a903-4905fdf6f5f7",
    "data": [
      {
        "text": "necesito saber cómo está el clima ahora",
        "userDefined": false
      }
    ],
    "isTemplate": false,
    "count": 0,
    "updated": 0
  },
  {
    "id": "11c96cdb-0926-4c32-b545-4a884f5e633d",
    "data": [
      {
        "text": "informar sobre el clima en ",
        "userDefined": false
      },
      {
        "text": "Madrid",
        "alias": "address",
        "meta": "@sys.location",
        "userDefined": true
      }
    ],
    "isTemplate": false,
    "count": 0,
    "updated": 0
  },
  {
    "id": "ca8a012f-eb2d-46ba-9722-23d1809677fc",
    "data": [
      {
        "text": "me puedes decir cómo está el clima",
        "userDefined": false
      }
    ],
    "isTemplate": false,
    "count": 0,
    "updated": 0
  },
  {
    "id": "ac8c0431-cf22-4313-9957-1494ee8fc38b",
    "data": [
      {
        "text": "cuántos grados hace",
        "userDefined": false
      }
    ],
    "isTemplate": false,
    "count": 0,
    "updated": 0
  },
  {
    "id": "da78d4c5-be3f-4999-86b3-6dd9694a28bc",
    "data": [
      {
        "text": "cuántos grados ",
        "userDefined": false
      },
      {
        "text": "Celsius",
        "alias": "unit",
        "meta": "@unit-temperature",
        "userDefined": true
      },
      {
        "text": " hace ahora",
        "userDefined": false
      }
    ],
    "isTemplate": false,
    "count": 0,
    "updated": 0
  },
  {
    "id": "1d77eb76-bc37-4c6b-b8be-96e44a79df25",
    "data": [
      {
        "text": "tiempo para la ",
        "userDefined": false
      },
      {
        "text": "próxima semana",
        "alias": "date-time",
        "meta": "@sys.date-time",
        "userDefined": true
      }
    ],
    "isTemplate": false,
    "count": 0,
    "updated": 0
  },
  {
    "id": "8745479c-b1e3-4e3f-9616-1d90bf939983",
    "data": [
      {
        "text": "pronóstico del tiempo para ",
        "userDefined": false
      },
      {
        "text": "esta noche",
        "alias": "date-time",
        "meta": "@sys.date-time",
        "userDefined": true
      }
    ],
    "isTemplate": false,
    "count": 0,
    "updated": 0
  },
  {
    "id": "40c755e5-bba4-449c-b8f5-a31dd8e90aa2",
    "data": [
      {
        "text": "me podrías decir cómo está el clima en ",
        "userDefined": false
      },
      {
        "text": "Paris",
        "alias": "address",
        "meta": "@sys.location",
        "userDefined": true
      }
    ],
    "isTemplate": false,
    "count": 0,
    "updated": 0
  }
]