[
  {
    "id": "0586c075-768d-4f9c-97bb-5369cbd4a536",
    "data": [
      {
        "text": "e ",
        "userDefined": false
      },
      {
        "text": "nadar",
        "alias": "activity",
        "meta": "@activity",
        "userDefined": true
      }
    ],
    "isTemplate": false,
    "count": 0,
    "updated": 0
  },
  {
    "id": "41f0e065-b1dc-4f9d-b4af-25a725c1c4ea",
    "data": [
      {
        "text": "esquiar",
        "alias": "activity",
        "meta": "@activity",
        "userDefined": true
      }
    ],
    "isTemplate": false,
    "count": 0,
    "updated": 0
  },
  {
    "id": "a90fc678-12e8-44a6-b947-d0337df9d742",
    "data": [
      {
        "text": "e ",
        "userDefined": false
      },
      {
        "text": "patinar",
        "alias": "activity",
        "meta": "@activity",
        "userDefined": true
      }
    ],
    "isTemplate": false,
    "count": 0,
    "updated": 0
  }
]