[
  {
    "id": "121fa1df-83ac-491e-96e9-81647267dfa6",
    "data": [
      {
        "text": "雨衣",
        "alias": "outfit",
        "meta": "@outfit",
        "userDefined": false
      }
    ],
    "isTemplate": false,
    "count": 0,
    "updated": 0
  },
  {
    "id": "0f816210-b58e-45da-a7e6-3dabc5f01a30",
    "data": [
      {
        "text": "我還很想穿",
        "userDefined": false
      },
      {
        "text": "毛線帽",
        "alias": "outfit",
        "meta": "@outfit",
        "userDefined": false
      }
    ],
    "isTemplate": false,
    "count": 0,
    "updated": 0
  },
  {
    "id": "e018e8d0-b058-4f50-a56e-f71a8e4a9bc2",
    "data": [
      {
        "text": "能不能穿",
        "userDefined": false
      },
      {
        "text": "墨鏡",
        "alias": "outfit",
        "meta": "@outfit",
        "userDefined": false
      }
    ],
    "isTemplate": false,
    "count": 0,
    "updated": 0
  },
  {
    "id": "ba4754e2-1449-41a9-a16b-4bfc67033354",
    "data": [
      {
        "text": "現在要穿",
        "userDefined": false
      },
      {
        "text": "夾克",
        "alias": "outfit",
        "meta": "@outfit",
        "userDefined": false
      },
      {
        "text": "嗎",
        "userDefined": false
      }
    ],
    "isTemplate": false,
    "count": 0,
    "updated": 0
  },
  {
    "id": "751f281a-3ea4-4305-b3ce-7e962368213b",
    "data": [
      {
        "text": "還能不能穿",
        "userDefined": false
      },
      {
        "text": "防曬霜",
        "alias": "outfit",
        "meta": "@outfit",
        "userDefined": false
      }
    ],
    "isTemplate": false,
    "count": 1,
    "updated": 0
  },
  {
    "id": "96053b12-5b2a-4909-b0c1-469c21e5e635",
    "data": [
      {
        "text": "還要穿",
        "userDefined": false
      },
      {
        "text": "手套",
        "alias": "outfit",
        "meta": "@outfit",
        "userDefined": false
      }
    ],
    "isTemplate": false,
    "count": 0,
    "updated": 0
  },
  {
    "id": "6c1e660d-66ae-4137-b75d-37e1146a9871",
    "data": [
      {
        "text": "我還要穿",
        "userDefined": false
      },
      {
        "text": "毛衣",
        "alias": "outfit",
        "meta": "@outfit",
        "userDefined": false
      }
    ],
    "isTemplate": false,
    "count": 0,
    "updated": 0
  },
  {
    "id": "428f158e-d367-4ab8-82c0-6c048ea82c0e",
    "data": [
      {
        "text": "會不會穿",
        "userDefined": false
      },
      {
        "text": "雨褲",
        "alias": "outfit",
        "meta": "@outfit",
        "userDefined": false
      }
    ],
    "isTemplate": false,
    "count": 0,
    "updated": 0
  },
  {
    "id": "4a4c7e2f-044e-404e-98ee-46037fd7bfd1",
    "data": [
      {
        "text": "關于",
        "userDefined": false
      },
      {
        "text": "膠皮靴",
        "alias": "outfit",
        "meta": "@outfit",
        "userDefined": false
      }
    ],
    "isTemplate": false,
    "count": 0,
    "updated": 0
  },
  {
    "id": "483320d7-9c94-4a93-bc77-939bc11e4e30",
    "data": [
      {
        "text": "怎麽能穿",
        "userDefined": false
      },
      {
        "text": "圍巾",
        "alias": "outfit",
        "meta": "@outfit",
        "userDefined": false
      }
    ],
    "isTemplate": false,
    "count": 0,
    "updated": 0
  },
  {
    "id": "e40f0d12-7df7-4794-baa7-8b0edb6f919a",
    "data": [
      {
        "text": "關",
        "meta": "@sys.ignore",
        "userDefined": false
      },
      {
        "text": "于",
        "userDefined": false
      },
      {
        "text": "雨衣",
        "alias": "outfit",
        "meta": "@outfit",
        "userDefined": false
      }
    ],
    "isTemplate": false,
    "count": 0,
    "updated": 0
  },
  {
    "id": "8077f505-cc62-4bab-a5c3-0e0f20e11e37",
    "data": [
      {
        "text": "還需要帶",
        "userDefined": false
      },
      {
        "text": "雨傘",
        "alias": "outfit",
        "meta": "@outfit",
        "userDefined": false
      },
      {
        "text": "嗎",
        "userDefined": false
      }
    ],
    "isTemplate": false,
    "count": 0,
    "updated": 0
  }
]