[
  {
    "id": "c4369a3e-85f5-49a3-9efd-d6e35056bc86",
    "data": [
      {
        "text": "skiing",
        "alias": "activity",
        "meta": "@activity",
        "userDefined": true
      }
    ],
    "isTemplate": false,
    "count": 0,
    "updated": 0
  },
  {
    "id": "1bec4408-24ed-4b41-9621-05fdf13badde",
    "data": [
      {
        "text": "what about ",
        "userDefined": false
      },
      {
        "text": "swimming",
        "alias": "activity",
        "meta": "@activity",
        "userDefined": false
      }
    ],
    "isTemplate": false,
    "count": 0,
    "updated": 0
  },
  {
    "id": "4b618755-0786-45a8-8fd8-b30528b44a7f",
    "data": [
      {
        "text": "and for ",
        "userDefined": false
      },
      {
        "text": "skating",
        "alias": "activity",
        "meta": "@activity",
        "userDefined": false
      }
    ],
    "isTemplate": false,
    "count": 0,
    "updated": 0
  }
]