[
  {
    "id": "33bde8ce-6a71-4d6c-a65f-4c2cd114e324",
    "data": [
      {
        "text": "東京",
        "alias": "address",
        "meta": "@sys.location",
        "userDefined": true
      },
      {
        "text": "で",
        "userDefined": false
      },
      {
        "text": "傘",
        "alias": "outfit",
        "meta": "@outfit",
        "userDefined": true
      },
      {
        "text": "は必要なの",
        "userDefined": false
      }
    ],
    "isTemplate": false,
    "count": 1,
    "updated": 0
  },
  {
    "id": "d797100d-aad2-477e-844a-6183dcf78785",
    "data": [
      {
        "text": "今日",
        "alias": "date-time",
        "meta": "@sys.date-time",
        "userDefined": true
      },
      {
        "text": "は",
        "userDefined": false
      },
      {
        "text": "上着",
        "alias": "outfit",
        "meta": "@outfit",
        "userDefined": true
      },
      {
        "text": "を着たほうがいい",
        "userDefined": false
      }
    ],
    "isTemplate": false,
    "count": 0,
    "updated": 0
  },
  {
    "id": "684f17c3-6a69-4f49-bfc8-76ba444b7354",
    "data": [
      {
        "text": "明日",
        "alias": "date-time",
        "meta": "@sys.date-time",
        "userDefined": true
      },
      {
        "text": "は",
        "userDefined": false
      },
      {
        "text": "サングラス",
        "alias": "outfit",
        "meta": "@outfit",
        "userDefined": true
      },
      {
        "text": "があったほうがいい",
        "userDefined": false
      }
    ],
    "isTemplate": false,
    "count": 0,
    "updated": 0
  },
  {
    "id": "f7db492e-31c4-4949-998e-3cac7e7c70b6",
    "data": [
      {
        "text": "今週末",
        "alias": "date-time",
        "meta": "@sys.date-time",
        "userDefined": true
      },
      {
        "text": "は",
        "userDefined": false
      },
      {
        "text": "傘",
        "alias": "outfit",
        "meta": "@outfit",
        "userDefined": true
      },
      {
        "text": "が必要になりますか",
        "userDefined": false
      }
    ],
    "isTemplate": false,
    "count": 0,
    "updated": 0
  },
  {
    "id": "7001e63f-3997-4a8b-858e-50e929bddff3",
    "data": [
      {
        "text": "来週の金曜日",
        "alias": "date-time",
        "meta": "@sys.date-time",
        "userDefined": false
      },
      {
        "text": "札幌",
        "alias": "address",
        "meta": "@sys.location",
        "userDefined": false
      },
      {
        "text": "で",
        "userDefined": false
      },
      {
        "text": "傘",
        "alias": "outfit",
        "meta": "@outfit",
        "userDefined": false
      },
      {
        "text": "は必要になる",
        "userDefined": false
      }
    ],
    "isTemplate": false,
    "count": 0,
    "updated": 0
  },
  {
    "id": "dd0a113e-8db6-40bc-bffe-c73fd9d2bf4f",
    "data": [
      {
        "text": "明日",
        "alias": "date-time",
        "meta": "@sys.date-time",
        "userDefined": true
      },
      {
        "text": "コート",
        "alias": "outfit",
        "meta": "@outfit",
        "userDefined": true
      },
      {
        "text": "は必要になりますか",
        "userDefined": false
      }
    ],
    "isTemplate": false,
    "count": 0,
    "updated": 0
  },
  {
    "id": "2f5c9cdd-0466-4b9c-8eeb-9286518384e7",
    "data": [
      {
        "text": "傘",
        "alias": "outfit",
        "meta": "@outfit",
        "userDefined": true
      },
      {
        "text": "は必要になるの",
        "userDefined": false
      }
    ],
    "isTemplate": false,
    "count": 0,
    "updated": 0
  },
  {
    "id": "17bc22b6-b422-48c3-aac4-323b8f5ea231",
    "data": [
      {
        "text": "サングラス",
        "alias": "outfit",
        "meta": "@outfit",
        "userDefined": true
      },
      {
        "text": "は必要ですか",
        "userDefined": false
      }
    ],
    "isTemplate": false,
    "count": 0,
    "updated": 0
  },
  {
    "id": "6a823044-28cb-4a0c-81e9-e01623d17ee0",
    "data": [
      {
        "text": "サングラス",
        "alias": "outfit",
        "meta": "@outfit",
        "userDefined": true
      },
      {
        "text": "をかけたほうがいい",
        "userDefined": false
      }
    ],
    "isTemplate": false,
    "count": 0,
    "updated": 0
  },
  {
    "id": "5876022d-fceb-413f-86a0-da1e815616cf",
    "data": [
      {
        "text": "旭川市",
        "alias": "address",
        "meta": "@sys.location",
        "userDefined": true
      },
      {
        "text": "で",
        "userDefined": false
      },
      {
        "text": "手袋",
        "alias": "outfit",
        "meta": "@outfit",
        "userDefined": true
      },
      {
        "text": "はしたほうがいいですか",
        "userDefined": false
      }
    ],
    "isTemplate": false,
    "count": 0,
    "updated": 0
  },
  {
    "id": "56f3fda1-a55e-4a79-9e09-1c781ff50d1c",
    "data": [
      {
        "text": "上着",
        "alias": "outfit",
        "meta": "@outfit",
        "userDefined": true
      },
      {
        "text": "があったほうがいいかなあ",
        "userDefined": false
      }
    ],
    "isTemplate": false,
    "count": 0,
    "updated": 0
  }
]