[
  {
    "id": "a7b80bca-917f-45e4-92a8-784e770bb6a6",
    "data": [
      {
        "text": "泳ぐ",
        "alias": "activity",
        "meta": "@activity",
        "userDefined": true
      },
      {
        "text": "のはどう？",
        "userDefined": false
      }
    ],
    "isTemplate": false,
    "count": 0,
    "updated": 0
  },
  {
    "id": "c46209ae-357e-4517-95a1-d0bd00e42aa1",
    "data": [
      {
        "text": "スキー",
        "alias": "activity",
        "meta": "@activity",
        "userDefined": true
      }
    ],
    "isTemplate": false,
    "count": 0,
    "updated": 0
  },
  {
    "id": "e0991ad5-93e7-4872-bd55-4579d6b2d5dc",
    "data": [
      {
        "text": "じゃあ",
        "userDefined": false
      },
      {
        "text": "スケート",
        "alias": "activity",
        "meta": "@activity",
        "userDefined": true
      },
      {
        "text": "は？",
        "userDefined": false
      }
    ],
    "isTemplate": false,
    "count": 0,
    "updated": 0
  }
]