[
  {
    "id": "95a19a77-693e-481d-abc7-8326722ad9bb",
    "data": [
      {
        "text": "взять ли ",
        "userDefined": false
      },
      {
        "text": "солнечные очки",
        "alias": "outfit",
        "meta": "@outfit",
        "userDefined": true
      }
    ],
    "isTemplate": false,
    "count": 0,
    "updated": 0
  },
  {
    "id": "9a5d5bbe-fc0d-4520-8d15-e0fb27d18695",
    "data": [
      {
        "text": "брать ",
        "userDefined": false
      },
      {
        "text": "пиджак",
        "alias": "outfit",
        "meta": "@outfit",
        "userDefined": true
      }
    ],
    "isTemplate": false,
    "count": 0,
    "updated": 0
  },
  {
    "id": "bca0eefb-3e05-46d7-a3b2-ee59d5e5629a",
    "data": [
      {
        "text": "мне понадобится ",
        "userDefined": false
      },
      {
        "text": "пальто",
        "alias": "outfit",
        "meta": "@outfit",
        "userDefined": true
      },
      {
        "text": " в ",
        "userDefined": false
      },
      {
        "text": "Лондоне",
        "alias": "address",
        "meta": "@sys.location",
        "userDefined": true
      }
    ],
    "isTemplate": false,
    "count": 0,
    "updated": 0
  },
  {
    "id": "3509c75f-032a-456c-9c2e-764ab20cac5c",
    "data": [
      {
        "text": "потребуется ли ",
        "userDefined": false
      },
      {
        "text": "зонт",
        "alias": "outfit",
        "meta": "@outfit",
        "userDefined": true
      }
    ],
    "isTemplate": false,
    "count": 0,
    "updated": 0
  },
  {
    "id": "fbf4f8c8-6d38-4d3d-b109-ed8b87046d25",
    "data": [
      {
        "text": "я ",
        "userDefined": false
      },
      {
        "text": "завтра",
        "alias": "date-time",
        "meta": "@sys.date-time",
        "userDefined": true
      },
      {
        "text": " лечу в ",
        "userDefined": false
      },
      {
        "text": "Париж",
        "alias": "address",
        "meta": "@sys.location",
        "userDefined": true
      },
      {
        "text": " мне нужно брать ",
        "userDefined": false
      },
      {
        "text": "зонтик",
        "alias": "outfit",
        "meta": "@outfit",
        "userDefined": true
      }
    ],
    "isTemplate": false,
    "count": 1,
    "updated": 0
  },
  {
    "id": "3c95d40f-4a64-482c-b1cf-b3ae3184ce2c",
    "data": [
      {
        "text": "завтра",
        "alias": "date-time",
        "meta": "@sys.date-time",
        "userDefined": true
      },
      {
        "text": " в ",
        "userDefined": false
      },
      {
        "text": "Калифорнии",
        "alias": "address",
        "meta": "@sys.location",
        "userDefined": true
      },
      {
        "text": " потребуются ли мне ",
        "userDefined": false
      },
      {
        "text": "очки от солнца",
        "alias": "outfit",
        "meta": "@outfit",
        "userDefined": true
      }
    ],
    "isTemplate": false,
    "count": 0,
    "updated": 0
  },
  {
    "id": "df0393ba-020c-4d92-9c8b-d3fa2be7999c",
    "data": [
      {
        "text": "надеть ли сегодня ",
        "userDefined": false
      },
      {
        "text": "пиджак",
        "alias": "outfit",
        "meta": "@outfit",
        "userDefined": true
      }
    ],
    "isTemplate": false,
    "count": 0,
    "updated": 0
  },
  {
    "id": "f459114f-24e3-46ff-a038-49a5ccbb0b21",
    "data": [
      {
        "text": "понадобится ли мне ",
        "userDefined": false
      },
      {
        "text": "зонт",
        "alias": "outfit",
        "meta": "@outfit",
        "userDefined": true
      },
      {
        "text": " ",
        "userDefined": false
      },
      {
        "text": "на этой неделе",
        "alias": "date-time",
        "meta": "@sys.date-time",
        "userDefined": true
      }
    ],
    "isTemplate": false,
    "count": 0,
    "updated": 0
  },
  {
    "id": "5970595a-5fcf-446d-a7f4-8eee6ac763a3",
    "data": [
      {
        "text": "понадобится ли ",
        "userDefined": false
      },
      {
        "text": "завтра",
        "alias": "date-time",
        "meta": "@sys.date-time",
        "userDefined": true
      },
      {
        "text": " ",
        "userDefined": false
      },
      {
        "text": "плащ",
        "alias": "outfit",
        "meta": "@outfit",
        "userDefined": true
      }
    ],
    "isTemplate": false,
    "count": 0,
    "updated": 0
  },
  {
    "id": "2574f8b4-ac1a-447f-bf9d-c523b5c90981",
    "data": [
      {
        "text": "стоит одеть ",
        "userDefined": false
      },
      {
        "text": "пальто",
        "alias": "outfit",
        "meta": "@outfit",
        "userDefined": true
      }
    ],
    "isTemplate": false,
    "count": 0,
    "updated": 0
  },
  {
    "id": "179be31b-a0cb-4f08-b74f-4673e0aa0e06",
    "data": [
      {
        "text": "мне понадобится ",
        "userDefined": false
      },
      {
        "text": "завтра",
        "alias": "date-time",
        "meta": "@sys.date-time",
        "userDefined": true
      },
      {
        "text": " ",
        "userDefined": false
      },
      {
        "text": "куртка",
        "alias": "outfit",
        "meta": "@outfit",
        "userDefined": true
      },
      {
        "text": " в ",
        "userDefined": false
      },
      {
        "text": "Новосибирске",
        "alias": "address",
        "meta": "@sys.location",
        "userDefined": true
      }
    ],
    "isTemplate": false,
    "count": 0,
    "updated": 0
  },
  {
    "id": "0a9e377b-f524-4288-8224-4e777419ba2f",
    "data": [
      {
        "text": "надевать ли ",
        "userDefined": false
      },
      {
        "text": "перчатки",
        "alias": "outfit",
        "meta": "@outfit",
        "userDefined": true
      },
      {
        "text": " в ",
        "userDefined": false
      },
      {
        "text": "Аспене",
        "alias": "address",
        "meta": "@sys.location",
        "userDefined": true
      }
    ],
    "isTemplate": false,
    "count": 0,
    "updated": 0
  },
  {
    "id": "a1f5630c-5b49-47b1-a706-ec09b57f8810",
    "data": [
      {
        "text": "нужны ли мне будут ",
        "userDefined": false
      },
      {
        "text": "очки",
        "alias": "outfit",
        "meta": "@outfit",
        "userDefined": true
      }
    ],
    "isTemplate": false,
    "count": 0,
    "updated": 0
  },
  {
    "id": "f1fab3e8-93f3-424a-843e-76e775ff2fc5",
    "data": [
      {
        "text": "взять ли с собой ",
        "userDefined": false
      },
      {
        "text": "зонт",
        "alias": "outfit",
        "meta": "@outfit",
        "userDefined": true
      },
      {
        "text": " в ",
        "userDefined": false
      },
      {
        "text": "Токио",
        "alias": "address",
        "meta": "@sys.location",
        "userDefined": true
      }
    ],
    "isTemplate": false,
    "count": 0,
    "updated": 0
  },
  {
    "id": "e505d2ba-eeed-42ee-b2e5-bf3025da2386",
    "data": [
      {
        "text": "взять ли с собой ",
        "userDefined": false
      },
      {
        "text": "пальто",
        "alias": "outfit",
        "meta": "@outfit",
        "userDefined": true
      },
      {
        "text": " в ",
        "userDefined": false
      },
      {
        "text": "Прагу",
        "alias": "address",
        "meta": "@sys.location",
        "userDefined": true
      },
      {
        "text": " ",
        "userDefined": false
      },
      {
        "text": "20 марта",
        "alias": "date-time",
        "meta": "@sys.date-time",
        "userDefined": true
      }
    ],
    "isTemplate": false,
    "count": 0,
    "updated": 0
  },
  {
    "id": "cd53d707-5c39-48f9-8342-90ee72f959d4",
    "data": [
      {
        "text": "нужен ли будет ",
        "userDefined": false
      },
      {
        "text": "зонт",
        "alias": "outfit",
        "meta": "@outfit",
        "userDefined": true
      },
      {
        "text": " в ",
        "userDefined": false
      },
      {
        "text": "Париже",
        "alias": "address",
        "meta": "@sys.location",
        "userDefined": true
      },
      {
        "text": " на ",
        "userDefined": false
      },
      {
        "text": "этой неделе",
        "alias": "date-time",
        "meta": "@sys.date-time",
        "userDefined": true
      }
    ],
    "isTemplate": false,
    "count": 0,
    "updated": 0
  },
  {
    "id": "7a4d4993-95c6-4aa3-9b80-7407880db578",
    "data": [
      {
        "text": "брать ли с собой ",
        "userDefined": false
      },
      {
        "text": "солнцезащитные очки",
        "alias": "outfit",
        "meta": "@outfit",
        "userDefined": true
      },
      {
        "text": " в ",
        "userDefined": false
      },
      {
        "text": "Милан",
        "alias": "address",
        "meta": "@sys.location",
        "userDefined": true
      }
    ],
    "isTemplate": false,
    "count": 0,
    "updated": 0
  },
  {
    "id": "79845005-d668-4e47-8520-27d027cd900c",
    "data": [
      {
        "text": "следует ли взять ",
        "userDefined": false
      },
      {
        "text": "солнечные очки",
        "alias": "outfit",
        "meta": "@outfit",
        "userDefined": true
      },
      {
        "text": " с собой ",
        "userDefined": false
      },
      {
        "text": "завтра",
        "alias": "date-time",
        "meta": "@sys.date-time",
        "userDefined": true
      }
    ],
    "isTemplate": false,
    "count": 0,
    "updated": 0
  },
  {
    "id": "f21702a8-3a41-4241-8a06-d3ae2349b179",
    "data": [
      {
        "text": "взять с собой ",
        "userDefined": false
      },
      {
        "text": "пиджак",
        "alias": "outfit",
        "meta": "@outfit",
        "userDefined": true
      },
      {
        "text": " в ",
        "userDefined": false
      },
      {
        "text": "Рим",
        "alias": "address",
        "meta": "@sys.location",
        "userDefined": true
      }
    ],
    "isTemplate": false,
    "count": 0,
    "updated": 0
  },
  {
    "id": "600f87d8-6d36-45a4-bbf9-45bd8e24f5a2",
    "data": [
      {
        "text": "мне пригодится ",
        "userDefined": false
      },
      {
        "text": "сегодня",
        "alias": "date-time",
        "meta": "@sys.date-time",
        "userDefined": true
      },
      {
        "text": " ",
        "userDefined": false
      },
      {
        "text": "зонтик",
        "alias": "outfit",
        "meta": "@outfit",
        "userDefined": true
      },
      {
        "text": " в ",
        "userDefined": false
      },
      {
        "text": "Лондоне",
        "alias": "address",
        "meta": "@sys.location",
        "userDefined": true
      }
    ],
    "isTemplate": false,
    "count": 1,
    "updated": 0
  },
  {
    "id": "ea18bf31-f328-4541-b575-e788e577576d",
    "data": [
      {
        "text": "надевать ли ",
        "userDefined": false
      },
      {
        "text": "пальто",
        "alias": "outfit",
        "meta": "@outfit",
        "userDefined": true
      }
    ],
    "isTemplate": false,
    "count": 0,
    "updated": 0
  },
  {
    "id": "84d6382e-6e9a-4626-acbc-2129bbe18402",
    "data": [
      {
        "text": "мне нужно надеть ",
        "userDefined": false
      },
      {
        "text": "пальто",
        "alias": "outfit",
        "meta": "@outfit",
        "userDefined": true
      }
    ],
    "isTemplate": false,
    "count": 1,
    "updated": 0
  }
]