[
  {
    "id": "356bdcf5-6b45-4b37-9df1-27168cc381e0",
    "data": [
      {
        "text": "и ",
        "userDefined": false
      },
      {
        "text": "зонтик",
        "alias": "outfit",
        "meta": "@outfit",
        "userDefined": true
      }
    ],
    "isTemplate": false,
    "count": 1,
    "updated": 0
  },
  {
    "id": "4e41d5bf-fcf1-49a0-bbb6-35df0a3dbc89",
    "data": [
      {
        "text": "пальто",
        "alias": "outfit",
        "meta": "@outfit",
        "userDefined": false
      }
    ],
    "isTemplate": false,
    "count": 0,
    "updated": 0
  },
  {
    "id": "5ab2335d-2d03-415a-8b75-f9365da386f1",
    "data": [
      {
        "text": "а что скажешь про ",
        "userDefined": false
      },
      {
        "text": "солнечные очки",
        "alias": "outfit",
        "meta": "@outfit",
        "userDefined": true
      }
    ],
    "isTemplate": false,
    "count": 0,
    "updated": 0
  },
  {
    "id": "b33b6b50-8c79-49b4-9283-92fa42cde624",
    "data": [
      {
        "text": "как насчёт ",
        "userDefined": false
      },
      {
        "text": "зонта",
        "alias": "outfit",
        "meta": "@outfit",
        "userDefined": true
      }
    ],
    "isTemplate": false,
    "count": 0,
    "updated": 0
  },
  {
    "id": "283c06e0-de33-4005-88db-b539bf7cbce6",
    "data": [
      {
        "text": "и брать ли ",
        "userDefined": false
      },
      {
        "text": "зонт",
        "alias": "outfit",
        "meta": "@outfit",
        "userDefined": true
      }
    ],
    "isTemplate": false,
    "count": 0,
    "updated": 0
  },
  {
    "id": "3644edfd-7f13-4062-9b93-5a441254fe67",
    "data": [
      {
        "text": "и ",
        "userDefined": false
      },
      {
        "text": "плащ",
        "alias": "outfit",
        "meta": "@outfit",
        "userDefined": true
      }
    ],
    "isTemplate": false,
    "count": 0,
    "updated": 0
  },
  {
    "id": "75572caf-ae44-45c6-a9ac-773c93bcbcd0",
    "data": [
      {
        "text": "мой ",
        "userDefined": false
      },
      {
        "text": "плащ",
        "alias": "outfit",
        "meta": "@outfit",
        "userDefined": true
      }
    ],
    "isTemplate": false,
    "count": 0,
    "updated": 0
  },
  {
    "id": "4e5659f4-91dd-492f-9a0e-6b7cf531d4c2",
    "data": [
      {
        "text": "что насчёт ",
        "userDefined": false
      },
      {
        "text": "очков",
        "alias": "outfit",
        "meta": "@outfit",
        "userDefined": true
      }
    ],
    "isTemplate": false,
    "count": 0,
    "updated": 0
  }
]