[
  {
    "id": "a8e55f68-153e-48c4-b136-e0a7798e4b66",
    "data": [
      {
        "text": "und zum ",
        "userDefined": false
      },
      {
        "text": "Fahrradfahren",
        "alias": "activity",
        "meta": "@activity",
        "userDefined": false
      }
    ],
    "isTemplate": false,
    "count": 0,
    "updated": 0
  },
  {
    "id": "d784944c-98be-4422-8228-b5d40c240b91",
    "data": [
      {
        "text": "und für eine ",
        "userDefined": false
      },
      {
        "text": "Radtour",
        "alias": "activity",
        "meta": "@activity",
        "userDefined": true
      }
    ],
    "isTemplate": false,
    "count": 0,
    "updated": 0
  },
  {
    "id": "c07694c1-3d2d-4bf6-984e-e9c1f1b1b32e",
    "data": [
      {
        "text": "und zum ",
        "userDefined": false
      },
      {
        "text": "Joggen",
        "alias": "activity",
        "meta": "@activity",
        "userDefined": false
      }
    ],
    "isTemplate": false,
    "count": 0,
    "updated": 0
  },
  {
    "id": "f2f7594a-69ec-4378-847b-c475b27fb124",
    "data": [
      {
        "text": "kann ich bei diesem ",
        "userDefined": false
      },
      {
        "text": "Wetter",
        "meta": "@sys.ignore",
        "userDefined": false
      },
      {
        "text": " ",
        "userDefined": false
      },
      {
        "text": "Joggen",
        "alias": "activity",
        "meta": "@activity",
        "userDefined": false
      }
    ],
    "isTemplate": false,
    "count": 0,
    "updated": 0
  },
  {
    "id": "8ec9ec80-b05c-4a72-ab15-4cb7acffc103",
    "data": [
      {
        "text": "ist",
        "meta": "@sys.ignore",
        "userDefined": false
      },
      {
        "text": " es gutes ",
        "userDefined": false
      },
      {
        "text": "Wetter",
        "meta": "@sys.ignore",
        "userDefined": false
      },
      {
        "text": " zum ",
        "userDefined": false
      },
      {
        "text": "Joggen",
        "alias": "activity",
        "meta": "@activity",
        "userDefined": false
      }
    ],
    "isTemplate": false,
    "count": 0,
    "updated": 0
  },
  {
    "id": "20212f15-bad0-427f-ab63-bbe266c7e299",
    "data": [
      {
        "text": "und auch zum ",
        "userDefined": false
      },
      {
        "text": "Schwimmen",
        "alias": "activity",
        "meta": "@activity",
        "userDefined": false
      }
    ],
    "isTemplate": false,
    "count": 0,
    "updated": 0
  },
  {
    "id": "5780fe56-54a5-4de7-ab49-fefda19d45a7",
    "data": [
      {
        "text": "ist",
        "meta": "@sys.ignore",
        "userDefined": false
      },
      {
        "text": " es ",
        "userDefined": false
      },
      {
        "text": "Fahrradwetter",
        "alias": "activity",
        "meta": "@activity",
        "userDefined": true
      }
    ],
    "isTemplate": false,
    "count": 0,
    "updated": 0
  },
  {
    "id": "5de0832a-0838-4893-85d2-f70f25b6ca9a",
    "data": [
      {
        "text": "und zum ",
        "userDefined": false
      },
      {
        "text": "Laufen",
        "alias": "activity",
        "meta": "@activity",
        "userDefined": false
      }
    ],
    "isTemplate": false,
    "count": 0,
    "updated": 0
  }
]