[
  {
    "id": "ed117a44-e0f7-4b57-bdf8-372c6433c366",
    "data": [
      {
        "text": "und",
        "meta": "@sys.ignore",
        "userDefined": false
      },
      {
        "text": " für ",
        "userDefined": false
      },
      {
        "text": "New York",
        "alias": "address",
        "meta": "@sys.location",
        "userDefined": false
      }
    ],
    "isTemplate": false,
    "count": 0,
    "updated": 0
  },
  {
    "id": "482fb5ab-1d21-42c1-86fe-7d5b724ac995",
    "data": [
      {
        "text": "und",
        "meta": "@sys.ignore",
        "userDefined": false
      },
      {
        "text": " ",
        "userDefined": false
      },
      {
        "text": "in",
        "meta": "@sys.ignore",
        "userDefined": false
      },
      {
        "text": " ",
        "userDefined": false
      },
      {
        "text": "London",
        "alias": "address",
        "meta": "@sys.location",
        "userDefined": true
      }
    ],
    "isTemplate": false,
    "count": 0,
    "updated": 0
  },
  {
    "id": "b54c78d8-b5eb-4c54-8215-3e74fb8b6f55",
    "data": [
      {
        "text": "wie sieht es in ",
        "userDefined": false
      },
      {
        "text": "Salzburg",
        "alias": "address",
        "meta": "@sys.location",
        "userDefined": true
      },
      {
        "text": " aus",
        "userDefined": false
      }
    ],
    "isTemplate": false,
    "count": 0,
    "updated": 0
  },
  {
    "id": "d9908239-ca6e-4d47-910f-2f23d5b1bdaf",
    "data": [
      {
        "text": "und",
        "meta": "@sys.ignore",
        "userDefined": false
      },
      {
        "text": " in ",
        "userDefined": false
      },
      {
        "text": "Basel",
        "alias": "address",
        "meta": "@sys.location",
        "userDefined": false
      }
    ],
    "isTemplate": false,
    "count": 0,
    "updated": 0
  },
  {
    "id": "246ed213-3d24-4e5e-9485-c0e7ad6363a0",
    "data": [
      {
        "text": "und in ",
        "userDefined": false
      },
      {
        "text": "Berlin",
        "alias": "address",
        "meta": "@sys.location",
        "userDefined": true
      }
    ],
    "isTemplate": false,
    "count": 0,
    "updated": 0
  },
  {
    "id": "a3a6c86b-6280-4758-8046-ed11fa762d01",
    "data": [
      {
        "text": "und ",
        "userDefined": false
      },
      {
        "text": "Paris",
        "alias": "address",
        "meta": "@sys.location",
        "userDefined": false
      }
    ],
    "isTemplate": false,
    "count": 0,
    "updated": 0
  },
  {
    "id": "636d3a85-de50-4e50-a52c-2655e07681bd",
    "data": [
      {
        "text": "und auch für ",
        "userDefined": false
      },
      {
        "text": "Dresden",
        "alias": "address",
        "meta": "@sys.location",
        "userDefined": true
      }
    ],
    "isTemplate": false,
    "count": 0,
    "updated": 0
  },
  {
    "id": "087b53e3-3eb5-4d4c-b139-9d64927e2554",
    "data": [
      {
        "text": "und für ",
        "userDefined": false
      },
      {
        "text": "Berlin",
        "alias": "address",
        "meta": "@sys.location",
        "userDefined": false
      }
    ],
    "isTemplate": false,
    "count": 0,
    "updated": 0
  },
  {
    "id": "cf5a277f-e0a4-4a6f-a770-1ac7cf9aede8",
    "data": [
      {
        "text": "und auch für ",
        "userDefined": false
      },
      {
        "text": "New York",
        "alias": "address",
        "meta": "@sys.location",
        "userDefined": true
      }
    ],
    "isTemplate": false,
    "count": 0,
    "updated": 0
  },
  {
    "id": "3bebe92b-e434-47e3-86aa-f18cf5251fcf",
    "data": [
      {
        "text": "und ",
        "userDefined": false
      },
      {
        "text": "Dresden",
        "alias": "address",
        "meta": "@sys.location",
        "userDefined": true
      }
    ],
    "isTemplate": false,
    "count": 0,
    "updated": 0
  }
]