[
  {
    "id": "f3446350-ba98-47eb-aa5e-af59b179abfb",
    "data": [
      {
        "text": "e um ",
        "userDefined": false
      },
      {
        "text": "guarda-chuva",
        "alias": "outfit",
        "meta": "@outfit",
        "userDefined": true
      }
    ],
    "isTemplate": false,
    "count": 0,
    "updated": 0
  },
  {
    "id": "915c433c-ef48-49ea-b8a3-b10f785ed299",
    "data": [
      {
        "text": "gabardina",
        "alias": "outfit",
        "meta": "@outfit",
        "userDefined": true
      }
    ],
    "isTemplate": false,
    "count": 0,
    "updated": 0
  },
  {
    "id": "26115ba6-bf09-415f-8a44-0e9b54e55999",
    "data": [
      {
        "text": "o meu ",
        "userDefined": false
      },
      {
        "text": "casaco",
        "alias": "outfit",
        "meta": "@outfit",
        "userDefined": true
      }
    ],
    "isTemplate": false,
    "count": 0,
    "updated": 0
  },
  {
    "id": "d1f1f8f0-ec6d-4f6d-8839-5f8d4b3eb16e",
    "data": [
      {
        "text": "e a minha ",
        "userDefined": false
      },
      {
        "text": "gabardina",
        "alias": "outfit",
        "meta": "@outfit",
        "userDefined": true
      }
    ],
    "isTemplate": false,
    "count": 0,
    "updated": 0
  },
  {
    "id": "0579da98-ce4c-4e59-a753-e2b00c6d9780",
    "data": [
      {
        "text": "e uma ",
        "userDefined": false
      },
      {
        "text": "gabardina",
        "alias": "outfit",
        "meta": "@outfit",
        "userDefined": true
      }
    ],
    "isTemplate": false,
    "count": 1,
    "updated": 0
  },
  {
    "id": "0b7a2904-5c23-4f29-8d9e-f747ff405ecd",
    "data": [
      {
        "text": "e ",
        "userDefined": false
      },
      {
        "text": "óculos de sol",
        "alias": "outfit",
        "meta": "@outfit",
        "userDefined": true
      }
    ],
    "isTemplate": false,
    "count": 0,
    "updated": 0
  },
  {
    "id": "518b092b-0693-4d0f-bb24-19c27ad50026",
    "data": [
      {
        "text": "e o meu ",
        "userDefined": false
      },
      {
        "text": "guarda-chuva",
        "alias": "outfit",
        "meta": "@outfit",
        "userDefined": true
      }
    ],
    "isTemplate": false,
    "count": 0,
    "updated": 0
  }
]