[
  {
    "id": "75cea0bb-82d2-48e9-ba7e-5f6c0ceda217",
    "data": [
      {
        "text": "還在",
        "userDefined": false
      },
      {
        "text": "上海",
        "alias": "address",
        "meta": "@sys.address",
        "userDefined": true
      }
    ],
    "isTemplate": false,
    "count": 0,
    "updated": 0
  },
  {
    "id": "2469c33d-2ee6-4f80-b5e5-69c7b8e9e8bb",
    "data": [
      {
        "text": "關于",
        "userDefined": false
      },
      {
        "text": "廈門",
        "alias": "address",
        "meta": "@sys.address",
        "userDefined": false
      }
    ],
    "isTemplate": false,
    "count": 0,
    "updated": 0
  },
  {
    "id": "59645889-9d42-4089-8dc9-c1b316741b9c",
    "data": [
      {
        "text": "在",
        "userDefined": false
      },
      {
        "text": "杭州",
        "alias": "address",
        "meta": "@sys.address",
        "userDefined": true
      }
    ],
    "isTemplate": false,
    "count": 0,
    "updated": 0
  },
  {
    "id": "cbd241f3-ae3b-4f12-a1f3-bbf7aea5cc5e",
    "data": [
      {
        "text": "在",
        "userDefined": false
      },
      {
        "text": "香港",
        "alias": "address",
        "meta": "@sys.address",
        "userDefined": false
      },
      {
        "text": "呢",
        "userDefined": false
      }
    ],
    "isTemplate": false,
    "count": 0,
    "updated": 0
  },
  {
    "id": "5a5f4af3-a26f-45c4-98a6-7c0c3c10e72f",
    "data": [
      {
        "text": "還在",
        "userDefined": false
      },
      {
        "text": "甯波",
        "alias": "address",
        "meta": "@sys.address",
        "userDefined": true
      }
    ],
    "isTemplate": false,
    "count": 0,
    "updated": 0
  },
  {
    "id": "b64ae7b3-d2a1-4ab9-9f33-ca4da3a316ee",
    "data": [
      {
        "text": "告訴我在",
        "userDefined": false
      },
      {
        "text": "廣州",
        "alias": "address",
        "meta": "@sys.address",
        "userDefined": false
      }
    ],
    "isTemplate": false,
    "count": 0,
    "updated": 0
  },
  {
    "id": "39f266f4-4f25-4e0e-aa19-8b604a3e727b",
    "data": [
      {
        "text": "告訴我在",
        "userDefined": false
      },
      {
        "text": "廣州",
        "alias": "address",
        "meta": "@sys.address",
        "userDefined": false
      },
      {
        "text": "怎麽樣",
        "userDefined": false
      }
    ],
    "isTemplate": false,
    "count": 0,
    "updated": 0
  },
  {
    "id": "e236a536-8f31-4e61-9515-7819ff9c8415",
    "data": [
      {
        "text": "還在",
        "userDefined": false
      },
      {
        "text": "武漢",
        "alias": "address",
        "meta": "@sys.address",
        "userDefined": false
      },
      {
        "text": "呢",
        "userDefined": false
      }
    ],
    "isTemplate": false,
    "count": 0,
    "updated": 0
  },
  {
    "id": "e83a97b4-0901-45ea-9917-fdc7607858bb",
    "data": [
      {
        "text": "在",
        "userDefined": false
      },
      {
        "text": "北京",
        "alias": "address",
        "meta": "@sys.address",
        "userDefined": false
      }
    ],
    "isTemplate": false,
    "count": 0,
    "updated": 0
  },
  {
    "id": "6aff1ff7-6d1b-424b-bc28-e60f564771f3",
    "data": [
      {
        "text": "在",
        "userDefined": false
      },
      {
        "text": "遼甯",
        "alias": "address",
        "meta": "@sys.address",
        "userDefined": false
      },
      {
        "text": "嗎",
        "userDefined": false
      }
    ],
    "isTemplate": false,
    "count": 0,
    "updated": 0
  }
]