[
  {
    "id": "6fffd7c9-f1c9-4cdb-bda3-d42801e26ce0",
    "data": [
      {
        "text": "und eine ",
        "userDefined": false
      },
      {
        "text": "Jacke",
        "alias": "outfit",
        "meta": "@outfit",
        "userDefined": false
      }
    ],
    "isTemplate": false,
    "count": 0,
    "updated": 0
  },
  {
    "id": "ed75738c-633c-4750-ae14-8a08dbf61fb6",
    "data": [
      {
        "text": "muss ich eine ",
        "userDefined": false
      },
      {
        "text": "Sonnenbrille",
        "alias": "outfit",
        "meta": "@outfit",
        "userDefined": false
      },
      {
        "text": " aufsetzen",
        "userDefined": false
      }
    ],
    "isTemplate": false,
    "count": 0,
    "updated": 0
  },
  {
    "id": "c7138843-bba2-4744-aab8-d29676f04c29",
    "data": [
      {
        "text": "sollte ich einen ",
        "userDefined": false
      },
      {
        "text": "Regenschirm",
        "alias": "outfit",
        "meta": "@outfit",
        "userDefined": false
      },
      {
        "text": " einpacken",
        "userDefined": false
      }
    ],
    "isTemplate": false,
    "count": 0,
    "updated": 0
  },
  {
    "id": "024b0b4e-357a-4be9-9415-59b71eb6dc00",
    "data": [
      {
        "text": "und was ",
        "userDefined": false
      },
      {
        "text": "ist",
        "meta": "@sys.ignore",
        "userDefined": false
      },
      {
        "text": " mit einer ",
        "userDefined": false
      },
      {
        "text": "Sonnenbrille",
        "alias": "outfit",
        "meta": "@outfit",
        "userDefined": false
      }
    ],
    "isTemplate": false,
    "count": 0,
    "updated": 0
  },
  {
    "id": "61210ebc-6f34-443f-a812-33011a981045",
    "data": [
      {
        "text": "brauche ich auch einen ",
        "userDefined": false
      },
      {
        "text": "Mantel",
        "alias": "outfit",
        "meta": "@outfit",
        "userDefined": false
      }
    ],
    "isTemplate": false,
    "count": 0,
    "updated": 0
  },
  {
    "id": "d5450afe-fde7-4984-9deb-96de99a1f98a",
    "data": [
      {
        "text": "und einen ",
        "userDefined": false
      },
      {
        "text": "Regenschirm",
        "alias": "outfit",
        "meta": "@outfit",
        "userDefined": false
      }
    ],
    "isTemplate": false,
    "count": 0,
    "updated": 0
  },
  {
    "id": "4bf26a85-a47c-4f97-942b-e57bae1ceef1",
    "data": [
      {
        "text": "sollte ",
        "userDefined": false
      },
      {
        "text": "man",
        "meta": "@sys.ignore",
        "userDefined": false
      },
      {
        "text": " einen ",
        "userDefined": false
      },
      {
        "text": "Schirm",
        "alias": "outfit",
        "meta": "@outfit",
        "userDefined": true
      },
      {
        "text": " mitnehmen",
        "userDefined": false
      }
    ],
    "isTemplate": false,
    "count": 0,
    "updated": 0
  },
  {
    "id": "c9566e32-8d3f-40eb-94a7-e7e52fa10a08",
    "data": [
      {
        "text": "brauche ich einen ",
        "userDefined": false
      },
      {
        "text": "Schirm",
        "alias": "outfit",
        "meta": "@outfit",
        "userDefined": true
      }
    ],
    "isTemplate": false,
    "count": 0,
    "updated": 0
  }
]