[
  {
    "id": "c9567b64-eade-4b56-9a90-4c44a4182f3f",
    "data": [
      {
        "text": "es buena idea hacer ",
        "userDefined": false
      },
      {
        "text": "senderismo",
        "alias": "activity",
        "meta": "@activity",
        "userDefined": true
      },
      {
        "text": " ahora mismo",
        "userDefined": false
      }
    ],
    "isTemplate": false,
    "count": 0,
    "updated": 0
  },
  {
    "id": "36972f6c-8120-4d3b-928d-8bfa6d3df52c",
    "data": [
      {
        "text": "puedo ir a ",
        "userDefined": false
      },
      {
        "text": "caminar",
        "alias": "activity",
        "meta": "@activity",
        "userDefined": true
      },
      {
        "text": " ahora por ",
        "userDefined": false
      },
      {
        "text": "Madrid",
        "alias": "address",
        "meta": "@sys.location",
        "userDefined": true
      }
    ],
    "isTemplate": false,
    "count": 0,
    "updated": 0
  },
  {
    "id": "7acac0db-aaf4-46bc-a650-629ed02454ed",
    "data": [
      {
        "text": "me permite el tiempo ir a ",
        "userDefined": false
      },
      {
        "text": "correr",
        "alias": "activity",
        "meta": "@activity",
        "userDefined": true
      }
    ],
    "isTemplate": false,
    "count": 0,
    "updated": 0
  },
  {
    "id": "85cbfb63-9c66-4b48-8b42-0f1e6dec5520",
    "data": [
      {
        "text": "es recomendable ",
        "userDefined": false
      },
      {
        "text": "salir",
        "meta": "@sys.ignore",
        "userDefined": true
      },
      {
        "text": " ahora en ",
        "userDefined": false
      },
      {
        "text": "Murcia",
        "alias": "address",
        "meta": "@sys.location",
        "userDefined": true
      }
    ],
    "isTemplate": false,
    "count": 0,
    "updated": 0
  },
  {
    "id": "652eb337-928a-46bc-88f4-d9226c9552d6",
    "data": [
      {
        "text": "podré ",
        "userDefined": false
      },
      {
        "text": "ir a la playa",
        "alias": "activity",
        "meta": "@activity",
        "userDefined": true
      }
    ],
    "isTemplate": false,
    "count": 0,
    "updated": 0
  },
  {
    "id": "6ac888ab-bee0-41f7-8cd8-2a76f1f16d35",
    "data": [
      {
        "text": "hace buen tiempo para ",
        "userDefined": false
      },
      {
        "text": "jugar a frisbee",
        "alias": "activity",
        "meta": "@activity",
        "userDefined": true
      },
      {
        "text": " fuera",
        "userDefined": false
      }
    ],
    "isTemplate": false,
    "count": 0,
    "updated": 0
  },
  {
    "id": "ad7c00d0-ec3a-422e-87b3-8acb714fb67e",
    "data": [
      {
        "text": "me podrías decir si está bueno el clima para ",
        "userDefined": false
      },
      {
        "text": "acampar",
        "alias": "activity",
        "meta": "@activity",
        "userDefined": true
      }
    ],
    "isTemplate": false,
    "count": 0,
    "updated": 0
  },
  {
    "id": "c743104f-1830-43c4-8013-3def6c11f005",
    "data": [
      {
        "text": "está fresco afuera para ir a ",
        "userDefined": false
      },
      {
        "text": "correr",
        "alias": "activity",
        "meta": "@activity",
        "userDefined": true
      }
    ],
    "isTemplate": false,
    "count": 0,
    "updated": 0
  },
  {
    "id": "762e6ffa-cf91-411f-9926-fd9629a23f3a",
    "data": [
      {
        "text": "podré ir a ",
        "userDefined": false
      },
      {
        "text": "escalar a la montaña",
        "alias": "activity",
        "meta": "@activity",
        "userDefined": true
      },
      {
        "text": " el ",
        "userDefined": false
      },
      {
        "text": "jueves",
        "alias": "date-time",
        "meta": "@sys.date-time",
        "userDefined": true
      }
    ],
    "isTemplate": false,
    "count": 3,
    "updated": 0
  },
  {
    "id": "babc5244-681a-4c93-804e-0948415f33c7",
    "data": [
      {
        "text": "hace buen tiempo para ",
        "userDefined": false
      },
      {
        "text": "caminar",
        "alias": "activity",
        "meta": "@activity",
        "userDefined": true
      }
    ],
    "isTemplate": false,
    "count": 1,
    "updated": 0
  },
  {
    "id": "8d5a6122-13ec-4165-8ac3-7888fa3f3529",
    "data": [
      {
        "text": "avísame si está bueno para salir a ",
        "userDefined": false
      },
      {
        "text": "correr",
        "alias": "activity",
        "meta": "@activity",
        "userDefined": true
      }
    ],
    "isTemplate": false,
    "count": 0,
    "updated": 0
  },
  {
    "id": "2989150d-ead5-43db-a7e0-751cde0201d9",
    "data": [
      {
        "text": "puedo ir tranquilamente a ",
        "userDefined": false
      },
      {
        "text": "acampar",
        "alias": "activity",
        "meta": "@activity",
        "userDefined": true
      },
      {
        "text": " a la montaña",
        "userDefined": false
      }
    ],
    "isTemplate": false,
    "count": 0,
    "updated": 0
  },
  {
    "id": "4cb99b68-ddc6-4cef-9869-942db252961d",
    "data": [
      {
        "text": "me gustaría saber si puedo ",
        "userDefined": false
      },
      {
        "text": "ir a la playa",
        "alias": "activity",
        "meta": "@activity",
        "userDefined": true
      }
    ],
    "isTemplate": false,
    "count": 0,
    "updated": 0
  },
  {
    "id": "f49dd692-935f-4558-804e-790fc04e8ccb",
    "data": [
      {
        "text": "está bueno el tiempo para ",
        "userDefined": false
      },
      {
        "text": "caminar",
        "alias": "activity",
        "meta": "@activity",
        "userDefined": true
      }
    ],
    "isTemplate": false,
    "count": 0,
    "updated": 0
  },
  {
    "id": "ff46ba49-3448-453b-905f-5588f3b7038e",
    "data": [
      {
        "text": "infórmame si está bueno afuera para ",
        "userDefined": false
      },
      {
        "text": "caminar",
        "alias": "activity",
        "meta": "@activity",
        "userDefined": true
      },
      {
        "text": " por ",
        "userDefined": false
      },
      {
        "text": "Valencia",
        "alias": "address",
        "meta": "@sys.location",
        "userDefined": true
      }
    ],
    "isTemplate": false,
    "count": 0,
    "updated": 0
  },
  {
    "id": "75e03f4e-1b56-4bdd-84a5-ad9468e41d4a",
    "data": [
      {
        "text": "dime si hace buen tiempo para ",
        "userDefined": false
      },
      {
        "text": "ir a la playa",
        "alias": "activity",
        "meta": "@activity",
        "userDefined": true
      },
      {
        "text": " en ",
        "userDefined": false
      },
      {
        "text": "Torrevieja",
        "alias": "address",
        "meta": "@sys.location",
        "userDefined": true
      },
      {
        "text": " ",
        "userDefined": false
      },
      {
        "text": "hoy",
        "alias": "date-time",
        "meta": "@sys.date-time",
        "userDefined": true
      }
    ],
    "isTemplate": false,
    "count": 0,
    "updated": 0
  },
  {
    "id": "29a1c288-0cfe-4022-8d5d-779c5c2ba456",
    "data": [
      {
        "text": "no sé si es bueno ",
        "userDefined": false
      },
      {
        "text": "ir a la playa",
        "alias": "activity",
        "meta": "@activity",
        "userDefined": true
      },
      {
        "text": " ",
        "userDefined": false
      },
      {
        "text": "mañana",
        "alias": "date-time",
        "meta": "@sys.date-time",
        "userDefined": true
      }
    ],
    "isTemplate": false,
    "count": 0,
    "updated": 0
  },
  {
    "id": "1cd6a77d-a6c1-4ffb-9445-b6a7e10a9101",
    "data": [
      {
        "text": "hace buen tiempo para ",
        "userDefined": false
      },
      {
        "text": "ir a la playa",
        "alias": "activity",
        "meta": "@activity",
        "userDefined": true
      }
    ],
    "isTemplate": false,
    "count": 0,
    "updated": 0
  },
  {
    "id": "7fad5a57-244d-48ce-a341-663fc6ecbccb",
    "data": [
      {
        "text": "me puedes decir cómo está el clima para ",
        "userDefined": false
      },
      {
        "text": "ir a la montaña",
        "alias": "activity",
        "meta": "@activity",
        "userDefined": true
      }
    ],
    "isTemplate": false,
    "count": 0,
    "updated": 0
  },
  {
    "id": "668dd9d1-fe7a-4f79-9acf-bdcb2e491e0f",
    "data": [
      {
        "text": "el tiempo afuera me permite ",
        "userDefined": false
      },
      {
        "text": "ir al parque",
        "alias": "activity",
        "meta": "@activity",
        "userDefined": true
      }
    ],
    "isTemplate": false,
    "count": 0,
    "updated": 0
  },
  {
    "id": "cd80e247-92a3-4b69-96d7-1b9204f95b9b",
    "data": [
      {
        "text": "avisarme si está bueno el clima para ",
        "userDefined": false
      },
      {
        "text": "ir a la playa",
        "alias": "activity",
        "meta": "@activity",
        "userDefined": true
      }
    ],
    "isTemplate": false,
    "count": 0,
    "updated": 0
  },
  {
    "id": "0cc13c91-16a1-4267-a3be-04d1f4900438",
    "data": [
      {
        "text": "el clima está a mi favor para ",
        "userDefined": false
      },
      {
        "text": "surfear",
        "alias": "activity",
        "meta": "@activity",
        "userDefined": true
      }
    ],
    "isTemplate": false,
    "count": 0,
    "updated": 0
  },
  {
    "id": "a21e735b-eaf5-43fa-8c2e-761d9e7e177a",
    "data": [
      {
        "text": "me cae bien el clima para ",
        "userDefined": false
      },
      {
        "text": "ir a la montaña",
        "alias": "activity",
        "meta": "@activity",
        "userDefined": true
      }
    ],
    "isTemplate": false,
    "count": 0,
    "updated": 0
  },
  {
    "id": "bbda101c-c81d-475c-91e9-ce8a158ff559",
    "data": [
      {
        "text": "informar ",
        "userDefined": false
      },
      {
        "text": "si",
        "meta": "@sys.ignore",
        "userDefined": true
      },
      {
        "text": " estará ",
        "userDefined": false
      },
      {
        "text": "bueno",
        "meta": "@sys.ignore",
        "userDefined": true
      },
      {
        "text": " ",
        "userDefined": false
      },
      {
        "text": "mañana",
        "alias": "date-time",
        "meta": "@sys.date-time",
        "userDefined": true
      },
      {
        "text": " ",
        "userDefined": false
      },
      {
        "text": "para",
        "meta": "@sys.ignore",
        "userDefined": true
      },
      {
        "text": " ",
        "userDefined": false
      },
      {
        "text": "caminar",
        "alias": "activity",
        "meta": "@activity",
        "userDefined": true
      }
    ],
    "isTemplate": false,
    "count": 0,
    "updated": 0
  },
  {
    "id": "b8753590-69ee-40fd-a8ef-69adef674bbe",
    "data": [
      {
        "text": "el clima me permite ir a ",
        "userDefined": false
      },
      {
        "text": "acampar",
        "alias": "activity",
        "meta": "@activity",
        "userDefined": true
      }
    ],
    "isTemplate": false,
    "count": 0,
    "updated": 0
  },
  {
    "id": "b5bdd117-4bd7-4d8b-bf95-4d919bfd9ad8",
    "data": [
      {
        "text": "trotar",
        "alias": "activity",
        "meta": "@activity",
        "userDefined": true
      },
      {
        "text": " se puede ahora por el clima",
        "userDefined": false
      }
    ],
    "isTemplate": false,
    "count": 0,
    "updated": 0
  },
  {
    "id": "91871be4-51fa-4342-9c7a-2a7334e7742c",
    "data": [
      {
        "text": "no",
        "meta": "@sys.ignore",
        "userDefined": true
      },
      {
        "text": " podré ",
        "userDefined": false
      },
      {
        "text": "trotar",
        "alias": "activity",
        "meta": "@activity",
        "userDefined": true
      },
      {
        "text": " ",
        "userDefined": false
      },
      {
        "text": "por el",
        "meta": "@sys.ignore",
        "userDefined": true
      },
      {
        "text": " clima afuera",
        "userDefined": false
      }
    ],
    "isTemplate": false,
    "count": 0,
    "updated": 0
  },
  {
    "id": "68366961-c69f-4c7f-b5a4-23c1234b9272",
    "data": [
      {
        "text": "se puede ir a ",
        "userDefined": false
      },
      {
        "text": "correr",
        "alias": "activity",
        "meta": "@activity",
        "userDefined": true
      },
      {
        "text": " con el clima de ",
        "userDefined": false
      },
      {
        "text": "Londres",
        "alias": "address",
        "meta": "@sys.location",
        "userDefined": true
      },
      {
        "text": " ahora",
        "userDefined": false
      }
    ],
    "isTemplate": false,
    "count": 0,
    "updated": 0
  }
]