[
  {
    "id": "48b2591c-a6a3-4c82-b902-d9ce4acafc02",
    "data": [
      {
        "text": "vai ",
        "userDefined": false
      },
      {
        "text": "nevar",
        "alias": "condition",
        "meta": "@weather-condition",
        "userDefined": true
      }
    ],
    "isTemplate": false,
    "count": 0,
    "updated": 0
  },
  {
    "id": "fb208c8f-8b0a-479a-b74f-b701bde24a87",
    "data": [
      {
        "text": "e ",
        "userDefined": false
      },
      {
        "text": "chover",
        "alias": "condition",
        "meta": "@weather-condition",
        "userDefined": true
      }
    ],
    "isTemplate": false,
    "count": 0,
    "updated": 0
  }
]