[
  {
    "id": "abe46abf-4145-48d1-aa2b-40a631296d56",
    "data": [
      {
        "text": "能不能穿",
        "userDefined": false
      },
      {
        "text": "墨镜",
        "alias": "outfit",
        "meta": "@outfit",
        "userDefined": false
      }
    ],
    "isTemplate": false,
    "count": 0,
    "updated": 0
  },
  {
    "id": "d97d8d47-5f7a-444f-8774-f143b230eddf",
    "data": [
      {
        "text": "关",
        "meta": "@sys.ignore",
        "userDefined": false
      },
      {
        "text": "于",
        "userDefined": false
      },
      {
        "text": "雨衣",
        "alias": "outfit",
        "meta": "@outfit",
        "userDefined": false
      }
    ],
    "isTemplate": false,
    "count": 0,
    "updated": 0
  },
  {
    "id": "3b7159a9-1326-4bf3-9520-7e8033e26f35",
    "data": [
      {
        "text": "关于",
        "userDefined": false
      },
      {
        "text": "胶皮靴",
        "alias": "outfit",
        "meta": "@outfit",
        "userDefined": false
      }
    ],
    "isTemplate": false,
    "count": 0,
    "updated": 0
  },
  {
    "id": "c7eab2f4-a8dc-46a0-8b33-84310d4d31b4",
    "data": [
      {
        "text": "还要穿",
        "userDefined": false
      },
      {
        "text": "手套",
        "alias": "outfit",
        "meta": "@outfit",
        "userDefined": false
      }
    ],
    "isTemplate": false,
    "count": 0,
    "updated": 0
  },
  {
    "id": "986b81ca-0417-4705-966d-baedfd0aff03",
    "data": [
      {
        "text": "会不会穿",
        "userDefined": false
      },
      {
        "text": "雨裤",
        "alias": "outfit",
        "meta": "@outfit",
        "userDefined": false
      }
    ],
    "isTemplate": false,
    "count": 0,
    "updated": 0
  },
  {
    "id": "ffd5e5e9-ce61-4e88-a04f-5758e1923de0",
    "data": [
      {
        "text": "我还要穿",
        "userDefined": false
      },
      {
        "text": "毛衣",
        "alias": "outfit",
        "meta": "@outfit",
        "userDefined": false
      }
    ],
    "isTemplate": false,
    "count": 0,
    "updated": 0
  },
  {
    "id": "1491d1e3-b4f4-4974-893a-4982b54cd233",
    "data": [
      {
        "text": "怎么能穿",
        "userDefined": false
      },
      {
        "text": "围巾",
        "alias": "outfit",
        "meta": "@outfit",
        "userDefined": false
      }
    ],
    "isTemplate": false,
    "count": 0,
    "updated": 0
  },
  {
    "id": "67f67003-a424-4fa5-ab3a-9df90aec74a5",
    "data": [
      {
        "text": "还能不能穿",
        "userDefined": false
      },
      {
        "text": "防晒霜",
        "alias": "outfit",
        "meta": "@outfit",
        "userDefined": false
      }
    ],
    "isTemplate": false,
    "count": 1,
    "updated": 0
  },
  {
    "id": "9a8b9f21-3e66-4c84-a989-3413acf452ad",
    "data": [
      {
        "text": "雨衣",
        "alias": "outfit",
        "meta": "@outfit",
        "userDefined": false
      }
    ],
    "isTemplate": false,
    "count": 0,
    "updated": 0
  },
  {
    "id": "700372b1-b726-4dde-8a0e-6fac7eb788ff",
    "data": [
      {
        "text": "我还很想穿",
        "userDefined": false
      },
      {
        "text": "毛线帽",
        "alias": "outfit",
        "meta": "@outfit",
        "userDefined": false
      }
    ],
    "isTemplate": false,
    "count": 0,
    "updated": 0
  },
  {
    "id": "f703f075-1d4e-41dc-827f-867e8b6a6991",
    "data": [
      {
        "text": "现在要穿",
        "userDefined": false
      },
      {
        "text": "夹克",
        "alias": "outfit",
        "meta": "@outfit",
        "userDefined": false
      },
      {
        "text": "吗",
        "userDefined": false
      }
    ],
    "isTemplate": false,
    "count": 0,
    "updated": 0
  },
  {
    "id": "12faa947-554e-4d32-bfc8-e3f24e5921c5",
    "data": [
      {
        "text": "还需要带",
        "userDefined": false
      },
      {
        "text": "雨伞",
        "alias": "outfit",
        "meta": "@outfit",
        "userDefined": false
      },
      {
        "text": "吗",
        "userDefined": false
      }
    ],
    "isTemplate": false,
    "count": 0,
    "updated": 0
  }
]