[
  {
    "id": "a123cb1a-7854-4ca8-97e3-b51c36fc5d00",
    "data": [
      {
        "text": "будет ли ",
        "userDefined": false
      },
      {
        "text": "гроза",
        "alias": "condition",
        "meta": "@weather-condition",
        "userDefined": true
      },
      {
        "text": " в ",
        "userDefined": false
      },
      {
        "text": "Колорадо",
        "alias": "address",
        "meta": "@sys.location",
        "userDefined": true
      },
      {
        "text": " ",
        "userDefined": false
      },
      {
        "text": "сегодня вечером",
        "alias": "date-time",
        "meta": "@sys.date-time",
        "userDefined": true
      }
    ],
    "isTemplate": false,
    "count": 0,
    "updated": 0
  },
  {
    "id": "34c5a07b-7e01-4f71-8c42-cc055f0cae66",
    "data": [
      {
        "text": "будет ли ",
        "userDefined": false
      },
      {
        "text": "ливень",
        "alias": "condition",
        "meta": "@weather-condition",
        "userDefined": true
      }
    ],
    "isTemplate": false,
    "count": 0,
    "updated": 0
  },
  {
    "id": "fd94f233-5ec7-48ef-890e-673d10c28131",
    "data": [
      {
        "text": "снег",
        "alias": "condition",
        "meta": "@weather-condition",
        "userDefined": true
      },
      {
        "text": " в ",
        "userDefined": false
      },
      {
        "text": "Нью-Йорке",
        "alias": "address",
        "meta": "@sys.location",
        "userDefined": true
      },
      {
        "text": " ",
        "userDefined": false
      },
      {
        "text": "сегодня",
        "alias": "date-time",
        "meta": "@sys.date-time",
        "userDefined": true
      }
    ],
    "isTemplate": false,
    "count": 0,
    "updated": 0
  },
  {
    "id": "8ec5b2a1-d3d7-49b4-b122-f30ad2dade53",
    "data": [
      {
        "text": "в ",
        "userDefined": false
      },
      {
        "text": "пятницу",
        "alias": "date-time",
        "meta": "@sys.date-time",
        "userDefined": true
      },
      {
        "text": " будет ",
        "userDefined": false
      },
      {
        "text": "дождь",
        "alias": "condition",
        "meta": "@weather-condition",
        "userDefined": true
      }
    ],
    "isTemplate": false,
    "count": 1,
    "updated": 0
  },
  {
    "id": "432e644e-cdc4-4908-827c-39a96630d154",
    "data": [
      {
        "text": "ожидается ли ",
        "userDefined": false
      },
      {
        "text": "град",
        "alias": "condition",
        "meta": "@weather-condition",
        "userDefined": true
      }
    ],
    "isTemplate": false,
    "count": 0,
    "updated": 0
  },
  {
    "id": "ff2fc04c-92b4-4b7b-ae15-f1ada8752a82",
    "data": [
      {
        "text": "что с погодой ",
        "userDefined": false
      },
      {
        "text": "изморось",
        "alias": "condition",
        "meta": "@weather-condition",
        "userDefined": true
      },
      {
        "text": " в ",
        "userDefined": false
      },
      {
        "text": "Гон Конге",
        "alias": "address",
        "meta": "@sys.location",
        "userDefined": true
      }
    ],
    "isTemplate": false,
    "count": 0,
    "updated": 0
  },
  {
    "id": "d1e9bb6d-122e-40c4-b0e0-8d15cbb396dd",
    "data": [
      {
        "text": "есть ли что-то про ",
        "userDefined": false
      },
      {
        "text": "снег",
        "alias": "condition",
        "meta": "@weather-condition",
        "userDefined": true
      },
      {
        "text": " в прогнозе погоды",
        "userDefined": false
      }
    ],
    "isTemplate": false,
    "count": 1,
    "updated": 0
  },
  {
    "id": "f8edf2b7-57d6-4313-8d58-ea6a6078414b",
    "data": [
      {
        "text": "кажется ",
        "userDefined": false
      },
      {
        "text": "дождь",
        "alias": "condition",
        "meta": "@weather-condition",
        "userDefined": true
      },
      {
        "text": " собирается",
        "userDefined": false
      }
    ],
    "isTemplate": false,
    "count": 0,
    "updated": 0
  },
  {
    "id": "b57f5ae6-9d37-4a6a-b9ac-4444cdb64bf2",
    "data": [
      {
        "text": "ожидают ли ",
        "userDefined": false
      },
      {
        "text": "ураган",
        "alias": "condition",
        "meta": "@weather-condition",
        "userDefined": true
      }
    ],
    "isTemplate": false,
    "count": 0,
    "updated": 0
  },
  {
    "id": "a91df568-ddab-496e-bd3c-8acfb11584c5",
    "data": [
      {
        "text": "будет ли ",
        "userDefined": false
      },
      {
        "text": "туманно",
        "alias": "condition",
        "meta": "@weather-condition",
        "userDefined": true
      },
      {
        "text": " в ",
        "userDefined": false
      },
      {
        "text": "эти выходные",
        "alias": "date-time",
        "meta": "@sys.date-time",
        "userDefined": true
      }
    ],
    "isTemplate": false,
    "count": 0,
    "updated": 0
  },
  {
    "id": "229de449-25c5-49f3-b288-5473d5fdee73",
    "data": [
      {
        "text": "когда пойдёт ",
        "userDefined": false
      },
      {
        "text": "дождь",
        "alias": "condition",
        "meta": "@weather-condition",
        "userDefined": true
      }
    ],
    "isTemplate": false,
    "count": 0,
    "updated": 0
  },
  {
    "id": "bf2fd67d-d46d-4e6e-a352-034f259627fc",
    "data": [
      {
        "text": "утром",
        "alias": "date-time",
        "meta": "@sys.date-time",
        "userDefined": true
      },
      {
        "text": " обещали ",
        "userDefined": false
      },
      {
        "text": "дождь",
        "alias": "condition",
        "meta": "@weather-condition",
        "userDefined": true
      },
      {
        "text": " в ",
        "userDefined": false
      },
      {
        "text": "Париже",
        "alias": "address",
        "meta": "@sys.location",
        "userDefined": true
      }
    ],
    "isTemplate": false,
    "count": 0,
    "updated": 0
  },
  {
    "id": "e7745211-ccc6-4e1a-a930-0e44970ddb06",
    "data": [
      {
        "text": "ожидать ли ",
        "userDefined": false
      },
      {
        "text": "ураган",
        "alias": "condition",
        "meta": "@weather-condition",
        "userDefined": true
      },
      {
        "text": " ",
        "userDefined": false
      },
      {
        "text": "на этой неделе",
        "alias": "date-time",
        "meta": "@sys.date-time",
        "userDefined": true
      }
    ],
    "isTemplate": false,
    "count": 0,
    "updated": 0
  },
  {
    "id": "f6822c5c-7073-4c38-b925-8d27d17646ee",
    "data": [
      {
        "text": "позже ",
        "userDefined": false
      },
      {
        "text": "вечером",
        "alias": "date-time",
        "meta": "@sys.date-time",
        "userDefined": true
      },
      {
        "text": " будет ли ",
        "userDefined": false
      },
      {
        "text": "дождливо",
        "alias": "condition",
        "meta": "@weather-condition",
        "userDefined": true
      }
    ],
    "isTemplate": false,
    "count": 0,
    "updated": 0
  },
  {
    "id": "bd2073b8-c23f-4532-82be-8cb1e8f6218b",
    "data": [
      {
        "text": "когда пойдёт ",
        "userDefined": false
      },
      {
        "text": "снег",
        "alias": "condition",
        "meta": "@weather-condition",
        "userDefined": true
      },
      {
        "text": " в ",
        "userDefined": false
      },
      {
        "text": "Пало-Альто",
        "alias": "address",
        "meta": "@sys.location",
        "userDefined": true
      }
    ],
    "isTemplate": false,
    "count": 0,
    "updated": 0
  },
  {
    "id": "851f5ab8-7275-4c70-87c3-cffae2d76424",
    "data": [
      {
        "text": "идёт ли ",
        "userDefined": false
      },
      {
        "text": "снег",
        "alias": "condition",
        "meta": "@weather-condition",
        "userDefined": true
      },
      {
        "text": " в ",
        "userDefined": false
      },
      {
        "text": "Москве",
        "alias": "address",
        "meta": "@sys.location",
        "userDefined": true
      }
    ],
    "isTemplate": false,
    "count": 0,
    "updated": 0
  },
  {
    "id": "3f2249b9-7549-4f66-b1db-5ee2b3ed284a",
    "data": [
      {
        "text": "сейчас",
        "alias": "date-time",
        "meta": "@sys.date-time",
        "userDefined": true
      },
      {
        "text": " идёт ",
        "userDefined": false
      },
      {
        "text": "дождь",
        "alias": "condition",
        "meta": "@weather-condition",
        "userDefined": true
      }
    ],
    "isTemplate": false,
    "count": 0,
    "updated": 0
  },
  {
    "id": "a37061a0-fb10-4b0b-8bb1-6e29e11f82f6",
    "data": [
      {
        "text": "будет ли ",
        "userDefined": false
      },
      {
        "text": "облачно",
        "alias": "condition",
        "meta": "@weather-condition",
        "userDefined": true
      },
      {
        "text": " в ",
        "userDefined": false
      },
      {
        "text": "Берлине",
        "alias": "address",
        "meta": "@sys.location",
        "userDefined": true
      }
    ],
    "isTemplate": false,
    "count": 0,
    "updated": 0
  },
  {
    "id": "9254e102-aa56-47e6-a7be-e1258da88f7c",
    "data": [
      {
        "text": "будет ли ",
        "userDefined": false
      },
      {
        "text": "дождь",
        "alias": "condition",
        "meta": "@weather-condition",
        "userDefined": true
      },
      {
        "text": " в ",
        "userDefined": false
      },
      {
        "text": "Мадриде",
        "alias": "address",
        "meta": "@sys.location",
        "userDefined": true
      },
      {
        "text": " ",
        "userDefined": false
      },
      {
        "text": "на следующей неделе",
        "alias": "date-time",
        "meta": "@sys.date-time",
        "userDefined": true
      }
    ],
    "isTemplate": false,
    "count": 0,
    "updated": 0
  },
  {
    "id": "5a0112ec-86e7-4818-b45c-b142cfde9f91",
    "data": [
      {
        "text": "будет ли ",
        "userDefined": false
      },
      {
        "text": "завтра",
        "alias": "date-time",
        "meta": "@sys.date-time",
        "userDefined": true
      },
      {
        "text": " ",
        "userDefined": false
      },
      {
        "text": "дождливо",
        "alias": "condition",
        "meta": "@weather-condition",
        "userDefined": true
      }
    ],
    "isTemplate": false,
    "count": 0,
    "updated": 0
  },
  {
    "id": "7a0f6800-56a2-4a13-8f83-08e403a8699d",
    "data": [
      {
        "text": "будет ли ",
        "userDefined": false
      },
      {
        "text": "туманно",
        "alias": "condition",
        "meta": "@weather-condition",
        "userDefined": true
      },
      {
        "text": " ",
        "userDefined": false
      },
      {
        "text": "22 июля",
        "alias": "date-time",
        "meta": "@sys.date-time",
        "userDefined": true
      }
    ],
    "isTemplate": false,
    "count": 1,
    "updated": 0
  },
  {
    "id": "ebe1f698-7ff3-40c5-b842-75151d9203fa",
    "data": [
      {
        "text": "ожидать ли ",
        "userDefined": false
      },
      {
        "text": "ураган",
        "alias": "condition",
        "meta": "@weather-condition",
        "userDefined": true
      },
      {
        "text": " в ",
        "userDefined": false
      },
      {
        "text": "Кливленде",
        "alias": "address",
        "meta": "@sys.location",
        "userDefined": true
      },
      {
        "text": " ",
        "userDefined": false
      },
      {
        "text": "12 марта",
        "alias": "date-time",
        "meta": "@sys.date-time",
        "userDefined": true
      }
    ],
    "isTemplate": false,
    "count": 0,
    "updated": 0
  },
  {
    "id": "73aa9dfc-c7e0-495b-8986-cda7fe2ff700",
    "data": [
      {
        "text": "во сколько ",
        "userDefined": false
      },
      {
        "text": "сегодня",
        "alias": "date-time",
        "meta": "@sys.date-time",
        "userDefined": true
      },
      {
        "text": " пойдёт ",
        "userDefined": false
      },
      {
        "text": "дождь",
        "alias": "condition",
        "meta": "@weather-condition",
        "userDefined": true
      }
    ],
    "isTemplate": false,
    "count": 0,
    "updated": 0
  },
  {
    "id": "298e76c2-6157-4984-9474-3fd191a8424f",
    "data": [
      {
        "text": "надвигается ли ",
        "userDefined": false
      },
      {
        "text": "гроза",
        "alias": "condition",
        "meta": "@weather-condition",
        "userDefined": true
      }
    ],
    "isTemplate": false,
    "count": 0,
    "updated": 0
  },
  {
    "id": "a4d7dd8e-3155-41c7-92c7-3cb26c5b4783",
    "data": [
      {
        "text": "есть ли в прогнозе новости про ",
        "userDefined": false
      },
      {
        "text": "снег",
        "alias": "condition",
        "meta": "@weather-condition",
        "userDefined": true
      },
      {
        "text": " в ",
        "userDefined": false
      },
      {
        "text": "Мюнхене",
        "alias": "address",
        "meta": "@sys.location",
        "userDefined": true
      }
    ],
    "isTemplate": false,
    "count": 0,
    "updated": 0
  },
  {
    "id": "0d965312-a0b6-4b17-86b9-e04c93a31949",
    "data": [
      {
        "text": "сегодня падает ",
        "userDefined": false
      },
      {
        "text": "снег",
        "alias": "condition",
        "meta": "@weather-condition",
        "userDefined": true
      }
    ],
    "isTemplate": false,
    "count": 0,
    "updated": 0
  },
  {
    "id": "8eb52e12-457d-4543-9136-d61f52680e0d",
    "data": [
      {
        "text": "какая есть информация про ",
        "userDefined": false
      },
      {
        "text": "шторм",
        "alias": "condition",
        "meta": "@weather-condition",
        "userDefined": true
      }
    ],
    "isTemplate": false,
    "count": 0,
    "updated": 0
  },
  {
    "id": "d23cc1be-113c-49e7-b566-01a9bb4a15dd",
    "data": [
      {
        "text": "прогнозируют ли ",
        "userDefined": false
      },
      {
        "text": "ливни",
        "alias": "condition",
        "meta": "@weather-condition",
        "userDefined": true
      },
      {
        "text": " в ",
        "userDefined": false
      },
      {
        "text": "Канаде",
        "alias": "address",
        "meta": "@sys.location",
        "userDefined": true
      }
    ],
    "isTemplate": false,
    "count": 0,
    "updated": 0
  },
  {
    "id": "dfb63de9-189a-4f1f-9e37-7fa52777ad97",
    "data": [
      {
        "text": "будет ",
        "userDefined": false
      },
      {
        "text": "туманно",
        "alias": "condition",
        "meta": "@weather-condition",
        "userDefined": true
      }
    ],
    "isTemplate": false,
    "count": 0,
    "updated": 0
  },
  {
    "id": "d2c88fe4-5c88-4186-857f-fa45f9ae162c",
    "data": [
      {
        "text": "пойдёт ли ",
        "userDefined": false
      },
      {
        "text": "снег",
        "alias": "condition",
        "meta": "@weather-condition",
        "userDefined": true
      },
      {
        "text": " ",
        "userDefined": false
      },
      {
        "text": "сегодня",
        "alias": "date-time",
        "meta": "@sys.date-time",
        "userDefined": true
      }
    ],
    "isTemplate": false,
    "count": 0,
    "updated": 0
  },
  {
    "id": "99ea4da6-ef46-4321-ad12-da62dfe1e6fa",
    "data": [
      {
        "text": "выпадет ли ",
        "userDefined": false
      },
      {
        "text": "снег",
        "alias": "condition",
        "meta": "@weather-condition",
        "userDefined": true
      },
      {
        "text": " в ",
        "userDefined": false
      },
      {
        "text": "пятницу",
        "alias": "date-time",
        "meta": "@sys.date-time",
        "userDefined": true
      }
    ],
    "isTemplate": false,
    "count": 0,
    "updated": 0
  },
  {
    "id": "fd6787c2-c635-40fa-90bf-3eb79cb2b53c",
    "data": [
      {
        "text": "надвигается ли ",
        "userDefined": false
      },
      {
        "text": "вьюга",
        "alias": "condition",
        "meta": "@weather-condition",
        "userDefined": true
      },
      {
        "text": " в ",
        "userDefined": false
      },
      {
        "text": "Москве",
        "alias": "address",
        "meta": "@sys.location",
        "userDefined": true
      }
    ],
    "isTemplate": false,
    "count": 0,
    "updated": 0
  },
  {
    "id": "5369ef40-44c4-44df-ac0b-338a2238b148",
    "data": [
      {
        "text": "есть ли опасность ",
        "userDefined": false
      },
      {
        "text": "цунами",
        "alias": "condition",
        "meta": "@weather-condition",
        "userDefined": true
      }
    ],
    "isTemplate": false,
    "count": 0,
    "updated": 0
  },
  {
    "id": "bd8482dd-40b3-4d04-b63a-c585091e7d27",
    "data": [
      {
        "text": "ожидается ли ",
        "userDefined": false
      },
      {
        "text": "дождь",
        "alias": "condition",
        "meta": "@weather-condition",
        "userDefined": true
      },
      {
        "text": " в ",
        "userDefined": false
      },
      {
        "text": "Лондоне",
        "alias": "address",
        "meta": "@sys.location",
        "userDefined": true
      }
    ],
    "isTemplate": false,
    "count": 0,
    "updated": 0
  },
  {
    "id": "ea326dec-059a-4fb1-92f1-4336625f80dd",
    "data": [
      {
        "text": "что в прогнозе говорится о ",
        "userDefined": false
      },
      {
        "text": "ливнях",
        "alias": "condition",
        "meta": "@weather-condition",
        "userDefined": true
      },
      {
        "text": " в ",
        "userDefined": false
      },
      {
        "text": "Валенсии",
        "alias": "address",
        "meta": "@sys.location",
        "userDefined": true
      }
    ],
    "isTemplate": false,
    "count": 0,
    "updated": 0
  },
  {
    "id": "2b840fa7-bcd9-42b0-b5a0-af40f0a86406",
    "data": [
      {
        "text": "будет ли ",
        "userDefined": false
      },
      {
        "text": "дождь",
        "alias": "condition",
        "meta": "@weather-condition",
        "userDefined": true
      },
      {
        "text": " в эту ",
        "userDefined": false
      },
      {
        "text": "пятницу",
        "alias": "date-time",
        "meta": "@sys.date-time",
        "userDefined": true
      }
    ],
    "isTemplate": false,
    "count": 0,
    "updated": 0
  },
  {
    "id": "c24390c5-dde8-4672-8d76-2dc394e9d2d0",
    "data": [
      {
        "text": "вечером",
        "alias": "date-time",
        "meta": "@sys.date-time",
        "userDefined": true
      },
      {
        "text": " будет ",
        "userDefined": false
      },
      {
        "text": "дождь",
        "alias": "condition",
        "meta": "@weather-condition",
        "userDefined": true
      }
    ],
    "isTemplate": false,
    "count": 1,
    "updated": 0
  },
  {
    "id": "30ef5889-b2a7-43fb-a4eb-3fb8c1077a9d",
    "data": [
      {
        "text": "пойдёт ли ",
        "userDefined": false
      },
      {
        "text": "завтра",
        "alias": "date-time",
        "meta": "@sys.date-time",
        "userDefined": true
      },
      {
        "text": " ",
        "userDefined": false
      },
      {
        "text": "дождь",
        "alias": "condition",
        "meta": "@weather-condition",
        "userDefined": true
      },
      {
        "text": " в ",
        "userDefined": false
      },
      {
        "text": "Париже",
        "alias": "address",
        "meta": "@sys.location",
        "userDefined": true
      }
    ],
    "isTemplate": false,
    "count": 0,
    "updated": 0
  },
  {
    "id": "c3da5654-16cc-4ac1-be5e-918a0d7e6696",
    "data": [
      {
        "text": "выпадет ли ",
        "userDefined": false
      },
      {
        "text": "снег",
        "alias": "condition",
        "meta": "@weather-condition",
        "userDefined": true
      },
      {
        "text": " в ",
        "userDefined": false
      },
      {
        "text": "Париже",
        "alias": "address",
        "meta": "@sys.location",
        "userDefined": true
      },
      {
        "text": " в ",
        "userDefined": false
      },
      {
        "text": "этот вторник",
        "alias": "date-time",
        "meta": "@sys.date-time",
        "userDefined": true
      }
    ],
    "isTemplate": false,
    "count": 0,
    "updated": 0
  },
  {
    "id": "fd641cf3-cefe-4a22-9db1-81dd88994c02",
    "data": [
      {
        "text": "случится ли ",
        "userDefined": false
      },
      {
        "text": "извержение вулкана",
        "alias": "condition",
        "meta": "@weather-condition",
        "userDefined": true
      },
      {
        "text": " ",
        "userDefined": false
      },
      {
        "text": "в этом месяце",
        "alias": "date-time",
        "meta": "@sys.date-time",
        "userDefined": true
      },
      {
        "text": " в ",
        "userDefined": false
      },
      {
        "text": "Сицилии",
        "alias": "address",
        "meta": "@sys.location",
        "userDefined": true
      }
    ],
    "isTemplate": false,
    "count": 0,
    "updated": 0
  },
  {
    "id": "e35783de-997e-4183-a3bb-104648ef52be",
    "data": [
      {
        "text": "когда в ",
        "userDefined": false
      },
      {
        "text": "Осло",
        "alias": "address",
        "meta": "@sys.location",
        "userDefined": true
      },
      {
        "text": " пойдёт ",
        "userDefined": false
      },
      {
        "text": "дождь",
        "alias": "condition",
        "meta": "@weather-condition",
        "userDefined": true
      }
    ],
    "isTemplate": false,
    "count": 0,
    "updated": 0
  }
]