[
  {
    "id": "aa49d888-5cdc-4271-a026-2299a3ff4158",
    "data": [
      {
        "text": "o tempo está bom para ",
        "userDefined": false
      },
      {
        "text": "surfar",
        "alias": "activity",
        "meta": "@activity",
        "userDefined": false
      },
      {
        "text": " no ",
        "userDefined": false
      },
      {
        "text": "Rio de Janeiro",
        "alias": "address",
        "meta": "@sys.location",
        "userDefined": true
      }
    ],
    "isTemplate": false,
    "count": 0,
    "updated": 0
  },
  {
    "id": "6ea4e80b-c279-43d2-ad33-e6dfdab3f2cf",
    "data": [
      {
        "text": "posso ",
        "userDefined": false
      },
      {
        "text": "nadar",
        "alias": "activity",
        "meta": "@activity",
        "userDefined": false
      },
      {
        "text": " ",
        "userDefined": false
      },
      {
        "text": "amanhã",
        "alias": "date-time",
        "meta": "@sys.date-time",
        "userDefined": false
      },
      {
        "text": " em ",
        "userDefined": false
      },
      {
        "text": "Lisboa",
        "alias": "address",
        "meta": "@sys.location",
        "userDefined": false
      }
    ],
    "isTemplate": false,
    "count": 0,
    "updated": 0
  },
  {
    "id": "aadfc548-cea7-4f1e-9b73-6744dd0b0311",
    "data": [
      {
        "text": "posso ",
        "userDefined": false
      },
      {
        "text": "correr",
        "alias": "activity",
        "meta": "@activity",
        "userDefined": false
      },
      {
        "text": " ",
        "userDefined": false
      },
      {
        "text": "amanhã de manhã",
        "alias": "date-time",
        "meta": "@sys.date-time",
        "userDefined": true
      }
    ],
    "isTemplate": false,
    "count": 0,
    "updated": 0
  },
  {
    "id": "ae1a74fe-fdbb-4e13-999b-fe56b7a9fe44",
    "data": [
      {
        "text": "é uma boa ideia fazer uma ",
        "userDefined": false
      },
      {
        "text": "caminhada",
        "alias": "activity",
        "meta": "@activity",
        "userDefined": true
      },
      {
        "text": " agora",
        "userDefined": false
      }
    ],
    "isTemplate": false,
    "count": 0,
    "updated": 0
  },
  {
    "id": "8a786fbb-6f25-48d5-ba59-9e91ea05ea9d",
    "data": [
      {
        "text": "o tempo está bom para ",
        "userDefined": false
      },
      {
        "text": "caminhar",
        "alias": "activity",
        "meta": "@activity",
        "userDefined": true
      }
    ],
    "isTemplate": false,
    "count": 0,
    "updated": 0
  },
  {
    "id": "4fe31d88-8efd-4564-afee-6995fae62aec",
    "data": [
      {
        "text": "o tempo está bom para ",
        "userDefined": false
      },
      {
        "text": "lutas de bolas de neve",
        "alias": "activity",
        "meta": "@activity",
        "userDefined": true
      }
    ],
    "isTemplate": false,
    "count": 0,
    "updated": 0
  },
  {
    "id": "e32240f3-1aea-4b4d-934c-087b880814dc",
    "data": [
      {
        "text": "pensa que o tempo está bom para ",
        "userDefined": false
      },
      {
        "text": "ciclismo",
        "alias": "activity",
        "meta": "@activity",
        "userDefined": true
      }
    ],
    "isTemplate": false,
    "count": 0,
    "updated": 0
  },
  {
    "id": "e36981ac-168c-4eaf-bd32-c55e2cd002f5",
    "data": [
      {
        "text": "posso ",
        "userDefined": false
      },
      {
        "text": "fazer surf",
        "alias": "activity",
        "meta": "@activity",
        "userDefined": true
      }
    ],
    "isTemplate": false,
    "count": 0,
    "updated": 0
  },
  {
    "id": "3039f8d1-9f65-47e1-b5f4-5a5fd252a18a",
    "data": [
      {
        "text": "é boa ideia ",
        "userDefined": false
      },
      {
        "text": "fazer uma caminhada",
        "alias": "activity",
        "meta": "@activity",
        "userDefined": true
      },
      {
        "text": " agora",
        "userDefined": false
      }
    ],
    "isTemplate": false,
    "count": 0,
    "updated": 0
  },
  {
    "id": "d6279b8f-287d-41f0-a035-94a5a5484c41",
    "data": [
      {
        "text": "devo ir ",
        "userDefined": false
      },
      {
        "text": "correr",
        "alias": "activity",
        "meta": "@activity",
        "userDefined": true
      }
    ],
    "isTemplate": false,
    "count": 0,
    "updated": 0
  },
  {
    "id": "f469e583-b1a5-4e72-b882-c7383476414f",
    "data": [
      {
        "text": "estou a planear ",
        "userDefined": false
      },
      {
        "text": "fazer esqui",
        "alias": "activity",
        "meta": "@activity",
        "userDefined": true
      },
      {
        "text": " ",
        "userDefined": false
      },
      {
        "text": "hoje",
        "alias": "date-time",
        "meta": "@sys.date-time",
        "userDefined": true
      },
      {
        "text": " vai ser possível",
        "userDefined": false
      }
    ],
    "isTemplate": false,
    "count": 0,
    "updated": 0
  },
  {
    "id": "d5da80d3-6805-4710-9671-790828e84da7",
    "data": [
      {
        "text": "pensa que o tempo está mau para ",
        "userDefined": false
      },
      {
        "text": "jogar frisbee",
        "alias": "activity",
        "meta": "@activity",
        "userDefined": true
      }
    ],
    "isTemplate": false,
    "count": 0,
    "updated": 0
  },
  {
    "id": "8fab93eb-0967-4624-a907-d61b451bc151",
    "data": [
      {
        "text": "o tempo vai estar bom para ",
        "userDefined": false
      },
      {
        "text": "jogar frisbee",
        "alias": "activity",
        "meta": "@activity",
        "userDefined": true
      },
      {
        "text": " ao ar livre",
        "userDefined": false
      }
    ],
    "isTemplate": false,
    "count": 0,
    "updated": 0
  },
  {
    "id": "ef33096d-e1ab-40a5-a93f-37dd021ed8b0",
    "data": [
      {
        "text": "o tempo está suficientemente bom para ",
        "userDefined": false
      },
      {
        "text": "jogar frisbee",
        "alias": "activity",
        "meta": "@activity",
        "userDefined": true
      },
      {
        "text": " lá fora",
        "userDefined": false
      }
    ],
    "isTemplate": false,
    "count": 0,
    "updated": 0
  }
]