[
  {
    "id": "6e4f43d7-c9ac-4289-be65-c394ca740a44",
    "data": [
      {
        "text": "還要穿",
        "userDefined": false
      },
      {
        "text": "手套",
        "alias": "outfit",
        "meta": "@outfit",
        "userDefined": false
      }
    ],
    "isTemplate": false,
    "count": 0,
    "updated": 0
  },
  {
    "id": "e1813f1f-fc11-4ac8-a5b0-1a8dfdbd762b",
    "data": [
      {
        "text": "關",
        "meta": "@sys.ignore",
        "userDefined": false
      },
      {
        "text": "于",
        "userDefined": false
      },
      {
        "text": "雨衣",
        "alias": "outfit",
        "meta": "@outfit",
        "userDefined": false
      }
    ],
    "isTemplate": false,
    "count": 0,
    "updated": 0
  },
  {
    "id": "0c42c309-6c3f-48ca-8fea-ca657187237c",
    "data": [
      {
        "text": "現在要穿",
        "userDefined": false
      },
      {
        "text": "夾克",
        "alias": "outfit",
        "meta": "@outfit",
        "userDefined": false
      },
      {
        "text": "嗎",
        "userDefined": false
      }
    ],
    "isTemplate": false,
    "count": 0,
    "updated": 0
  },
  {
    "id": "16053704-ef54-4bab-827f-d161256b0066",
    "data": [
      {
        "text": "能不能穿",
        "userDefined": false
      },
      {
        "text": "墨鏡",
        "alias": "outfit",
        "meta": "@outfit",
        "userDefined": false
      }
    ],
    "isTemplate": false,
    "count": 0,
    "updated": 0
  },
  {
    "id": "64546dca-3586-48bc-9737-e3ae0c0f605f",
    "data": [
      {
        "text": "還需要帶",
        "userDefined": false
      },
      {
        "text": "雨傘",
        "alias": "outfit",
        "meta": "@outfit",
        "userDefined": false
      },
      {
        "text": "嗎",
        "userDefined": false
      }
    ],
    "isTemplate": false,
    "count": 0,
    "updated": 0
  },
  {
    "id": "ccbdfee5-5f7e-4099-b6b9-469a425c6753",
    "data": [
      {
        "text": "我還很想穿",
        "userDefined": false
      },
      {
        "text": "毛線帽",
        "alias": "outfit",
        "meta": "@outfit",
        "userDefined": false
      }
    ],
    "isTemplate": false,
    "count": 0,
    "updated": 0
  },
  {
    "id": "8fd4db2d-0e0d-4440-8742-573b2b0559b4",
    "data": [
      {
        "text": "還能不能穿",
        "userDefined": false
      },
      {
        "text": "防曬霜",
        "alias": "outfit",
        "meta": "@outfit",
        "userDefined": false
      }
    ],
    "isTemplate": false,
    "count": 1,
    "updated": 0
  },
  {
    "id": "257dd814-0222-40d6-83d1-554fa1fad484",
    "data": [
      {
        "text": "怎麽能穿",
        "userDefined": false
      },
      {
        "text": "圍巾",
        "alias": "outfit",
        "meta": "@outfit",
        "userDefined": false
      }
    ],
    "isTemplate": false,
    "count": 0,
    "updated": 0
  },
  {
    "id": "8eb1acee-2205-4487-b246-cfd58121ef88",
    "data": [
      {
        "text": "關于",
        "userDefined": false
      },
      {
        "text": "膠皮靴",
        "alias": "outfit",
        "meta": "@outfit",
        "userDefined": false
      }
    ],
    "isTemplate": false,
    "count": 0,
    "updated": 0
  },
  {
    "id": "376ef247-c84e-4efa-b614-f39d1dd1cab8",
    "data": [
      {
        "text": "我還要穿",
        "userDefined": false
      },
      {
        "text": "毛衣",
        "alias": "outfit",
        "meta": "@outfit",
        "userDefined": false
      }
    ],
    "isTemplate": false,
    "count": 0,
    "updated": 0
  },
  {
    "id": "80bd071d-2d4a-4d9e-82d6-7d93ddbd5d4c",
    "data": [
      {
        "text": "會不會穿",
        "userDefined": false
      },
      {
        "text": "雨褲",
        "alias": "outfit",
        "meta": "@outfit",
        "userDefined": false
      }
    ],
    "isTemplate": false,
    "count": 0,
    "updated": 0
  },
  {
    "id": "18c7a7f8-15c0-4178-aed8-295853b4dd43",
    "data": [
      {
        "text": "雨衣",
        "alias": "outfit",
        "meta": "@outfit",
        "userDefined": false
      }
    ],
    "isTemplate": false,
    "count": 0,
    "updated": 0
  }
]