[
  {
    "id": "82517782-aeaa-42ed-89e4-4ac251b39561",
    "data": [
      {
        "text": "コート",
        "alias": "outfit",
        "meta": "@outfit",
        "userDefined": true
      },
      {
        "text": "は",
        "userDefined": false
      }
    ],
    "isTemplate": false,
    "count": 0,
    "updated": 0
  },
  {
    "id": "f6d329df-d23b-454f-85ba-96968ad71aeb",
    "data": [
      {
        "text": "スカーフ",
        "alias": "outfit",
        "meta": "@outfit",
        "userDefined": true
      },
      {
        "text": "はどう",
        "userDefined": false
      }
    ],
    "isTemplate": false,
    "count": 0,
    "updated": 0
  },
  {
    "id": "f2a105f5-14bf-4cd8-b4d9-dd6015a2e29a",
    "data": [
      {
        "text": "では私の",
        "userDefined": false
      },
      {
        "text": "傘",
        "alias": "outfit",
        "meta": "@outfit",
        "userDefined": true
      },
      {
        "text": "は",
        "userDefined": false
      }
    ],
    "isTemplate": false,
    "count": 0,
    "updated": 0
  },
  {
    "id": "d69690c4-b8bb-40d0-8670-730b0047c564",
    "data": [
      {
        "text": "レインコート",
        "alias": "outfit",
        "meta": "@outfit",
        "userDefined": true
      },
      {
        "text": "についてはどう",
        "userDefined": false
      }
    ],
    "isTemplate": false,
    "count": 0,
    "updated": 0
  },
  {
    "id": "1b9da58b-66e1-43b7-86db-90112505cd7f",
    "data": [
      {
        "text": "サングラス",
        "alias": "outfit",
        "meta": "@outfit",
        "userDefined": true
      },
      {
        "text": "はどう",
        "userDefined": false
      }
    ],
    "isTemplate": false,
    "count": 0,
    "updated": 0
  },
  {
    "id": "3437cae6-54d4-4693-a5b8-1f643679781f",
    "data": [
      {
        "text": "じゃあ",
        "userDefined": false
      },
      {
        "text": "レインコート",
        "alias": "outfit",
        "meta": "@outfit",
        "userDefined": true
      },
      {
        "text": "は",
        "userDefined": false
      }
    ],
    "isTemplate": false,
    "count": 0,
    "updated": 0
  },
  {
    "id": "f790ec52-9302-4091-a35d-3baac17a5de6",
    "data": [
      {
        "text": "じゃあ",
        "userDefined": false
      },
      {
        "text": "傘",
        "alias": "outfit",
        "meta": "@outfit",
        "userDefined": true
      },
      {
        "text": "は",
        "userDefined": false
      }
    ],
    "isTemplate": false,
    "count": 0,
    "updated": 0
  }
]