[
  {
    "id": "347716cd-d3fe-44bb-be91-f094f9fdac22",
    "data": [
      {
        "text": "e ",
        "userDefined": false
      },
      {
        "text": "hoje",
        "alias": "date-time",
        "meta": "@sys.date-time",
        "userDefined": true
      }
    ],
    "isTemplate": false,
    "count": 0,
    "updated": 0
  },
  {
    "id": "43f0e1f8-ecad-4c75-9144-069762fa96c5",
    "data": [
      {
        "text": "e ",
        "userDefined": false
      },
      {
        "text": "amanhã",
        "alias": "date-time",
        "meta": "@sys.date-time",
        "userDefined": true
      }
    ],
    "isTemplate": false,
    "count": 2,
    "updated": 0
  },
  {
    "id": "8e72b1d2-e051-4680-ae66-9f73fb2c6f80",
    "data": [
      {
        "text": "e durante a ",
        "userDefined": false
      },
      {
        "text": "próxima a semana",
        "alias": "date-time",
        "meta": "@sys.date-time",
        "userDefined": true
      }
    ],
    "isTemplate": false,
    "count": 0,
    "updated": 0
  },
  {
    "id": "f1391757-d134-4815-b608-d573adedf7d9",
    "data": [
      {
        "text": "e ",
        "userDefined": false
      },
      {
        "text": "neste fim de semana",
        "alias": "date-time",
        "meta": "@sys.date-time",
        "userDefined": true
      }
    ],
    "isTemplate": false,
    "count": 0,
    "updated": 0
  },
  {
    "id": "fe83aff1-017b-43c9-87bb-58ca0553dbef",
    "data": [
      {
        "text": "na ",
        "userDefined": false
      },
      {
        "text": "quarta-feira",
        "alias": "date-time",
        "meta": "@sys.date-time",
        "userDefined": true
      }
    ],
    "isTemplate": false,
    "count": 0,
    "updated": 0
  },
  {
    "id": "eb5c5b4e-7722-421f-b863-eb01906c743c",
    "data": [
      {
        "text": "verificar para a ",
        "userDefined": false
      },
      {
        "text": "próxima segunda-feira",
        "alias": "date-time",
        "meta": "@sys.date-time",
        "userDefined": true
      }
    ],
    "isTemplate": false,
    "count": 0,
    "updated": 0
  },
  {
    "id": "a8266c3d-75de-48a8-93fd-63bb2a705d8a",
    "data": [
      {
        "text": "e no ",
        "userDefined": false
      },
      {
        "text": "sábado",
        "alias": "date-time",
        "meta": "@sys.date-time",
        "userDefined": true
      }
    ],
    "isTemplate": false,
    "count": 0,
    "updated": 0
  },
  {
    "id": "31ffcdbb-821f-449a-ade3-b07817e0976a",
    "data": [
      {
        "text": "verificar para a ",
        "userDefined": false
      },
      {
        "text": "próxima semana",
        "alias": "date-time",
        "meta": "@sys.date-time",
        "userDefined": true
      }
    ],
    "isTemplate": false,
    "count": 0,
    "updated": 0
  },
  {
    "id": "94827779-45ff-4d6e-9897-d638ac6dbed4",
    "data": [
      {
        "text": "vai mudar às ",
        "userDefined": false
      },
      {
        "text": "17:00",
        "alias": "date-time",
        "meta": "@sys.date-time",
        "userDefined": true
      }
    ],
    "isTemplate": false,
    "count": 0,
    "updated": 0
  }
]