[
  {
    "id": "3dab4e96-e3dc-40a1-8294-953a5412e461",
    "data": [
      {
        "text": "quantos graus em ",
        "userDefined": false
      },
      {
        "text": "Londres",
        "alias": "address",
        "meta": "@sys.location",
        "userDefined": true
      },
      {
        "text": " agora",
        "userDefined": false
      }
    ],
    "isTemplate": false,
    "count": 0,
    "updated": 0
  },
  {
    "id": "739ee292-cee6-4150-94f7-1fd8b91f1b8d",
    "data": [
      {
        "text": "qual a temperatura ",
        "userDefined": false
      },
      {
        "text": "amanhã",
        "alias": "date-time",
        "meta": "@sys.date-time",
        "userDefined": true
      }
    ],
    "isTemplate": false,
    "count": 0,
    "updated": 0
  },
  {
    "id": "35f86916-b126-4100-bd82-5d8ea6a351c4",
    "data": [
      {
        "text": "quantos graus está em ",
        "userDefined": false
      },
      {
        "text": "Curitiba",
        "alias": "address",
        "meta": "@sys.location",
        "userDefined": true
      },
      {
        "text": " agora",
        "userDefined": false
      }
    ],
    "isTemplate": false,
    "count": 0,
    "updated": 0
  },
  {
    "id": "60eb17e3-0837-48eb-9286-0b0e0bdd3c12",
    "data": [
      {
        "text": "você sabe se está ",
        "userDefined": false
      },
      {
        "text": "frio",
        "alias": "temperature",
        "meta": "@temperature",
        "userDefined": true
      },
      {
        "text": " lá fora agora",
        "userDefined": false
      }
    ],
    "isTemplate": false,
    "count": 0,
    "updated": 0
  },
  {
    "id": "c9dd3d64-0640-494d-87fa-f50945b6cc54",
    "data": [
      {
        "text": "está ",
        "userDefined": false
      },
      {
        "text": "calor",
        "alias": "temperature",
        "meta": "@temperature",
        "userDefined": true
      },
      {
        "text": " em ",
        "userDefined": false
      },
      {
        "text": "Nova York",
        "alias": "address",
        "meta": "@sys.location",
        "userDefined": true
      }
    ],
    "isTemplate": false,
    "count": 0,
    "updated": 0
  },
  {
    "id": "b0fbf8dd-cf53-4877-b746-ee815c825ce3",
    "data": [
      {
        "text": "está ",
        "userDefined": false
      },
      {
        "text": "frio",
        "alias": "temperature",
        "meta": "@temperature",
        "userDefined": true
      },
      {
        "text": " em ",
        "userDefined": false
      },
      {
        "text": "Nova York",
        "alias": "address",
        "meta": "@sys.location",
        "userDefined": true
      }
    ],
    "isTemplate": false,
    "count": 0,
    "updated": 0
  },
  {
    "id": "2156f972-37cb-4817-a7b7-c94c88215745",
    "data": [
      {
        "text": "mostrar a temperatura em ",
        "userDefined": false
      },
      {
        "text": "Paris",
        "alias": "address",
        "meta": "@sys.location",
        "userDefined": true
      },
      {
        "text": " em ",
        "userDefined": false
      },
      {
        "text": "Fahrenheit",
        "alias": "unit",
        "meta": "@unit-temperature",
        "userDefined": true
      }
    ],
    "isTemplate": false,
    "count": 0,
    "updated": 0
  },
  {
    "id": "5f7985ee-7ad3-49d1-8bc3-67fbd1dcb578",
    "data": [
      {
        "text": "temperatura",
        "userDefined": false
      }
    ],
    "isTemplate": false,
    "count": 0,
    "updated": 0
  },
  {
    "id": "26c57bd9-9a8f-4a76-a57b-041d148de5d2",
    "data": [
      {
        "text": "está fazendo ",
        "userDefined": false
      },
      {
        "text": "calor",
        "alias": "temperature",
        "meta": "@temperature",
        "userDefined": false
      },
      {
        "text": " no ",
        "userDefined": false
      },
      {
        "text": "Recife",
        "alias": "address",
        "meta": "@sys.location",
        "userDefined": false
      }
    ],
    "isTemplate": false,
    "count": 0,
    "updated": 0
  },
  {
    "id": "e79e9edb-718f-410a-9b81-195de42cadd8",
    "data": [
      {
        "text": "temperatura em ",
        "userDefined": false
      },
      {
        "text": "Bangkok",
        "alias": "address",
        "meta": "@sys.location",
        "userDefined": true
      }
    ],
    "isTemplate": false,
    "count": 0,
    "updated": 0
  },
  {
    "id": "c904309c-c0e4-4942-b6ee-4f721770db04",
    "data": [
      {
        "text": "qual será a temperatura em ",
        "userDefined": false
      },
      {
        "text": "Camberra",
        "alias": "address",
        "meta": "@sys.location",
        "userDefined": true
      },
      {
        "text": " ",
        "userDefined": false
      },
      {
        "text": "amanhã",
        "alias": "date-time",
        "meta": "@sys.date-time",
        "userDefined": true
      }
    ],
    "isTemplate": false,
    "count": 0,
    "updated": 0
  },
  {
    "id": "b0fb64c8-f0f9-4ee8-b89d-a28b218cd9e6",
    "data": [
      {
        "text": "qual deve ser a temperatura ",
        "userDefined": false
      },
      {
        "text": "deste domingo",
        "alias": "date-time",
        "meta": "@sys.date-time",
        "userDefined": true
      },
      {
        "text": " em ",
        "userDefined": false
      },
      {
        "text": "Mountain View",
        "alias": "address",
        "meta": "@sys.location",
        "userDefined": true
      }
    ],
    "isTemplate": false,
    "count": 0,
    "updated": 0
  },
  {
    "id": "b2edec67-74af-496c-b99d-dcf22e50c3dc",
    "data": [
      {
        "text": "qual será a temperatura ",
        "userDefined": false
      },
      {
        "text": "amanhã",
        "alias": "date-time",
        "meta": "@sys.date-time",
        "userDefined": true
      }
    ],
    "isTemplate": false,
    "count": 0,
    "updated": 0
  },
  {
    "id": "fb7c7f6f-a3ba-4def-9347-127d05ae6d61",
    "data": [
      {
        "text": "quantos graus está fazendo ",
        "userDefined": false
      },
      {
        "text": "hoje",
        "alias": "date-time",
        "meta": "@sys.date-time",
        "userDefined": false
      }
    ],
    "isTemplate": false,
    "count": 0,
    "updated": 0
  },
  {
    "id": "7d734e11-1450-4856-9c91-a43ae8c5da5f",
    "data": [
      {
        "text": "hoje será um dia ",
        "userDefined": false
      },
      {
        "text": "quente",
        "alias": "temperature",
        "meta": "@temperature",
        "userDefined": true
      }
    ],
    "isTemplate": false,
    "count": 0,
    "updated": 0
  },
  {
    "id": "e5cbf9f1-c8c3-4082-9804-b82c9732c499",
    "data": [
      {
        "text": "está ",
        "userDefined": false
      },
      {
        "text": "quente",
        "alias": "temperature",
        "meta": "@temperature",
        "userDefined": true
      },
      {
        "text": " em ",
        "userDefined": false
      },
      {
        "text": "Nova York",
        "alias": "address",
        "meta": "@sys.location",
        "userDefined": true
      }
    ],
    "isTemplate": false,
    "count": 0,
    "updated": 0
  }
]