[
  {
    "id": "fa161ace-a495-4907-9bab-18b692dd980b",
    "data": [
      {
        "text": "e un ",
        "userDefined": false
      },
      {
        "text": "ombrello",
        "alias": "outfit",
        "meta": "@outfit",
        "userDefined": true
      }
    ],
    "isTemplate": false,
    "count": 0,
    "updated": 0
  },
  {
    "id": "640cecb1-d58b-45fa-bcdc-b927f9bc7e2b",
    "data": [
      {
        "text": "anche il ",
        "userDefined": false
      },
      {
        "text": "giubbotto",
        "alias": "outfit",
        "meta": "@outfit",
        "userDefined": true
      }
    ],
    "isTemplate": false,
    "count": 0,
    "updated": 0
  },
  {
    "id": "5431c362-c7a4-4986-8c11-f5d3e7ef1e83",
    "data": [
      {
        "text": "e i ",
        "userDefined": false
      },
      {
        "text": "guanti",
        "alias": "outfit",
        "meta": "@outfit",
        "userDefined": true
      }
    ],
    "isTemplate": false,
    "count": 1,
    "updated": 0
  },
  {
    "id": "429f0959-3b8f-43d8-a8fe-779e44f80940",
    "data": [
      {
        "text": "e l\u0027",
        "userDefined": false
      },
      {
        "text": "ombrello",
        "alias": "outfit",
        "meta": "@outfit",
        "userDefined": true
      }
    ],
    "isTemplate": false,
    "count": 0,
    "updated": 0
  },
  {
    "id": "6686c033-a39d-444a-8b20-d5ee0b23868b",
    "data": [
      {
        "text": "anche un ",
        "userDefined": false
      },
      {
        "text": "giubbotto",
        "alias": "outfit",
        "meta": "@outfit",
        "userDefined": true
      }
    ],
    "isTemplate": false,
    "count": 0,
    "updated": 0
  }
]