[
  {
    "id": "3169ae4d-9d44-49c7-813b-abdec8cb26d8",
    "data": [
      {
        "text": "y el ",
        "userDefined": false
      },
      {
        "text": "impermeable",
        "alias": "outfit",
        "meta": "@outfit",
        "userDefined": true
      }
    ],
    "isTemplate": false,
    "count": 0,
    "updated": 0
  },
  {
    "id": "c4467841-95b1-43e1-ad3e-d6a9a9cb270f",
    "data": [
      {
        "text": "guantes",
        "alias": "outfit",
        "meta": "@outfit",
        "userDefined": true
      },
      {
        "text": " también",
        "userDefined": false
      }
    ],
    "isTemplate": false,
    "count": 0,
    "updated": 0
  },
  {
    "id": "80ceff5f-7b57-42b5-87bd-afc59b3e16a7",
    "data": [
      {
        "text": "y unas",
        "meta": "@sys.ignore",
        "userDefined": true
      },
      {
        "text": " ",
        "userDefined": false
      },
      {
        "text": "gafas de sol",
        "alias": "outfit",
        "meta": "@outfit",
        "userDefined": true
      }
    ],
    "isTemplate": false,
    "count": 0,
    "updated": 0
  },
  {
    "id": "31422e9b-f106-4538-bee4-62c0656957f8",
    "data": [
      {
        "text": "y mi ",
        "userDefined": false
      },
      {
        "text": "paraguas",
        "alias": "outfit",
        "meta": "@outfit",
        "userDefined": true
      }
    ],
    "isTemplate": false,
    "count": 0,
    "updated": 0
  },
  {
    "id": "b2ecbfdb-aa99-4d84-8bc2-172704959878",
    "data": [
      {
        "text": "pero ",
        "userDefined": false
      },
      {
        "text": "una",
        "meta": "@sys.ignore",
        "userDefined": true
      },
      {
        "text": " ",
        "userDefined": false
      },
      {
        "text": "chaqueta",
        "alias": "outfit",
        "meta": "@outfit",
        "userDefined": true
      }
    ],
    "isTemplate": false,
    "count": 0,
    "updated": 0
  }
]