[
  {
    "id": "78c81907-e38f-4099-86d4-8a0bc234d301",
    "data": [
      {
        "text": "fait-il ",
        "userDefined": false
      },
      {
        "text": "chaud",
        "alias": "temperature",
        "meta": "@temperature",
        "userDefined": true
      }
    ],
    "isTemplate": false,
    "count": 0,
    "updated": 0
  },
  {
    "id": "aa3f1c5f-708f-4719-a4c2-c8426f7ffb85",
    "data": [
      {
        "text": "est-ce qu\u0027",
        "userDefined": false
      },
      {
        "text": "il",
        "meta": "@sys.ignore",
        "userDefined": true
      },
      {
        "text": " fait ",
        "userDefined": false
      },
      {
        "text": "froid",
        "alias": "temperature",
        "meta": "@temperature",
        "userDefined": true
      },
      {
        "text": " en ",
        "userDefined": false
      },
      {
        "text": "ce",
        "meta": "@sys.ignore",
        "userDefined": true
      },
      {
        "text": " moment",
        "userDefined": false
      }
    ],
    "isTemplate": false,
    "count": 0,
    "updated": 0
  },
  {
    "id": "657c367c-2523-40da-ad4e-7cfdfe4082b0",
    "data": [
      {
        "text": "est-ce qu\u0027il fait ",
        "userDefined": false
      },
      {
        "text": "froid",
        "alias": "temperature",
        "meta": "@temperature",
        "userDefined": true
      },
      {
        "text": " dehors",
        "userDefined": false
      }
    ],
    "isTemplate": false,
    "count": 2,
    "updated": 0
  },
  {
    "id": "7acc7f20-ea51-4a45-9a7b-c2c84b48f939",
    "data": [
      {
        "text": "fait-il ",
        "userDefined": false
      },
      {
        "text": "froid",
        "alias": "temperature",
        "meta": "@temperature",
        "userDefined": true
      },
      {
        "text": " à ",
        "userDefined": false
      },
      {
        "text": "Marseille",
        "alias": "address",
        "meta": "@sys.location",
        "userDefined": true
      }
    ],
    "isTemplate": false,
    "count": 0,
    "updated": 0
  },
  {
    "id": "a7a1e0a9-f2a0-43dd-abd7-c25d322cf0af",
    "data": [
      {
        "text": "est-ce qu\u0027",
        "userDefined": false
      },
      {
        "text": "il",
        "meta": "@sys.ignore",
        "userDefined": true
      },
      {
        "text": " fera ",
        "userDefined": false
      },
      {
        "text": "chaud",
        "alias": "temperature",
        "meta": "@temperature",
        "userDefined": true
      },
      {
        "text": " ",
        "userDefined": false
      },
      {
        "text": "demain",
        "alias": "date-time",
        "meta": "@sys.date-time",
        "userDefined": true
      },
      {
        "text": " à ",
        "userDefined": false
      },
      {
        "text": "Paris",
        "alias": "address",
        "meta": "@sys.location",
        "userDefined": true
      }
    ],
    "isTemplate": false,
    "count": 0,
    "updated": 0
  },
  {
    "id": "c033f4a7-11a9-4a38-9d94-4de276888dcb",
    "data": [
      {
        "text": "dis-moi est-ce qu\u0027il fera ",
        "userDefined": false
      },
      {
        "text": "froid",
        "alias": "temperature",
        "meta": "@temperature",
        "userDefined": true
      },
      {
        "text": " ",
        "userDefined": false
      },
      {
        "text": "demain",
        "alias": "date-time",
        "meta": "@sys.date-time",
        "userDefined": true
      },
      {
        "text": " sur ",
        "userDefined": false
      },
      {
        "text": "Nantes",
        "alias": "address",
        "meta": "@sys.location",
        "userDefined": true
      }
    ],
    "isTemplate": false,
    "count": 1,
    "updated": 0
  },
  {
    "id": "2cc7690f-d6a9-4a98-82b0-e7c5e6b9c61a",
    "data": [
      {
        "text": "la température pour ",
        "userDefined": false
      },
      {
        "text": "demain",
        "alias": "date-time",
        "meta": "@sys.date-time",
        "userDefined": true
      }
    ],
    "isTemplate": false,
    "count": 0,
    "updated": 0
  },
  {
    "id": "4cc2cfd6-756a-485f-85f8-0d0372c43087",
    "data": [
      {
        "text": "la",
        "meta": "@sys.ignore",
        "userDefined": false
      },
      {
        "text": " ",
        "userDefined": false
      },
      {
        "text": "température",
        "meta": "@sys.ignore",
        "userDefined": false
      },
      {
        "text": " en degrés ",
        "userDefined": false
      },
      {
        "text": "Celsius",
        "alias": "unit",
        "meta": "@unit-temperature",
        "userDefined": true
      }
    ],
    "isTemplate": false,
    "count": 0,
    "updated": 0
  },
  {
    "id": "b0e0d232-05f7-4dbb-b989-3c6ba7582e95",
    "data": [
      {
        "text": "peux-tu ",
        "userDefined": false
      },
      {
        "text": "me",
        "meta": "@sys.ignore",
        "userDefined": true
      },
      {
        "text": " donner ",
        "userDefined": false
      },
      {
        "text": "la",
        "meta": "@sys.ignore",
        "userDefined": true
      },
      {
        "text": " ",
        "userDefined": false
      },
      {
        "text": "température",
        "meta": "@sys.ignore",
        "userDefined": true
      },
      {
        "text": " s\u0027il te plaît",
        "userDefined": false
      }
    ],
    "isTemplate": false,
    "count": 0,
    "updated": 0
  },
  {
    "id": "253358ce-978f-4d5c-95b0-d0338143635f",
    "data": [
      {
        "text": "fait-il ",
        "userDefined": false
      },
      {
        "text": "froid",
        "alias": "temperature",
        "meta": "@temperature",
        "userDefined": true
      },
      {
        "text": " ",
        "userDefined": false
      },
      {
        "text": "aujourd\u0027hui",
        "alias": "date-time",
        "meta": "@sys.date-time",
        "userDefined": true
      }
    ],
    "isTemplate": false,
    "count": 0,
    "updated": 0
  },
  {
    "id": "7740def0-b283-4a44-8f9a-a98f290a4d98",
    "data": [
      {
        "text": "est-ce qu\u0027",
        "userDefined": false
      },
      {
        "text": "il",
        "meta": "@sys.ignore",
        "userDefined": true
      },
      {
        "text": " fait ",
        "userDefined": false
      },
      {
        "text": "froid",
        "alias": "temperature",
        "meta": "@temperature",
        "userDefined": true
      },
      {
        "text": " là",
        "userDefined": false
      }
    ],
    "isTemplate": false,
    "count": 0,
    "updated": 0
  },
  {
    "id": "ec293297-28cf-4a24-affc-615656b0dbdd",
    "data": [
      {
        "text": "sais-tu s\u0027il fait ",
        "userDefined": false
      },
      {
        "text": "froid",
        "alias": "temperature",
        "meta": "@temperature",
        "userDefined": true
      },
      {
        "text": " dehors en ce moment",
        "userDefined": false
      }
    ],
    "isTemplate": false,
    "count": 0,
    "updated": 0
  },
  {
    "id": "d20b593e-f97c-4172-acc1-c47b59b043b2",
    "data": [
      {
        "text": "fait-il ",
        "userDefined": false
      },
      {
        "text": "froid",
        "alias": "temperature",
        "meta": "@temperature",
        "userDefined": false
      }
    ],
    "isTemplate": false,
    "count": 1,
    "updated": 0
  },
  {
    "id": "0f39c4cd-d96f-426d-a7ec-211837ee2ef4",
    "data": [
      {
        "text": "fera-t-il ",
        "userDefined": false
      },
      {
        "text": "chaud",
        "alias": "temperature",
        "meta": "@temperature",
        "userDefined": true
      },
      {
        "text": " ",
        "userDefined": false
      },
      {
        "text": "aujourd\u0027hui",
        "alias": "date-time",
        "meta": "@sys.date-time",
        "userDefined": true
      },
      {
        "text": " à ",
        "userDefined": false
      },
      {
        "text": "Paris",
        "alias": "address",
        "meta": "@sys.location",
        "userDefined": true
      }
    ],
    "isTemplate": false,
    "count": 0,
    "updated": 0
  },
  {
    "id": "61c6f45b-2c28-45fb-9bca-eaab940c5208",
    "data": [
      {
        "text": "est-ce qu\u0027",
        "userDefined": false
      },
      {
        "text": "il",
        "meta": "@sys.ignore",
        "userDefined": true
      },
      {
        "text": " va faire ",
        "userDefined": false
      },
      {
        "text": "froid",
        "alias": "temperature",
        "meta": "@temperature",
        "userDefined": true
      },
      {
        "text": " ",
        "userDefined": false
      },
      {
        "text": "demain",
        "alias": "date-time",
        "meta": "@sys.date-time",
        "userDefined": true
      },
      {
        "text": " à ",
        "userDefined": false
      },
      {
        "text": "Nantes",
        "alias": "address",
        "meta": "@sys.location",
        "userDefined": true
      }
    ],
    "isTemplate": false,
    "count": 0,
    "updated": 0
  },
  {
    "id": "cced66c2-db57-475b-8da6-7faafb61d977",
    "data": [
      {
        "text": "fera-t-il ",
        "userDefined": false
      },
      {
        "text": "chaud",
        "alias": "temperature",
        "meta": "@temperature",
        "userDefined": true
      },
      {
        "text": " ",
        "userDefined": false
      },
      {
        "text": "demain",
        "alias": "date-time",
        "meta": "@sys.date-time",
        "userDefined": true
      }
    ],
    "isTemplate": false,
    "count": 0,
    "updated": 0
  },
  {
    "id": "5883ce80-7475-4b23-b78e-391f07766219",
    "data": [
      {
        "text": "quelle température il fait dehors",
        "userDefined": false
      }
    ],
    "isTemplate": false,
    "count": 1,
    "updated": 0
  },
  {
    "id": "04822b3b-7a5f-49ab-ab65-bf8738cb2915",
    "data": [
      {
        "text": "quelle est la température de ",
        "userDefined": false
      },
      {
        "text": "demain",
        "alias": "date-time",
        "meta": "@sys.date-time",
        "userDefined": true
      }
    ],
    "isTemplate": false,
    "count": 1,
    "updated": 0
  }
]