[
  {
    "id": "e1d20faf-e0a2-4b29-83c0-950ce80a0408",
    "data": [
      {
        "text": "теперь в ",
        "userDefined": false
      },
      {
        "text": "Новосибирске",
        "alias": "address",
        "meta": "@sys.location",
        "userDefined": true
      }
    ],
    "isTemplate": false,
    "count": 0,
    "updated": 0
  },
  {
    "id": "ea78ff7e-6b7c-4c1d-8bd4-8bec744c4503",
    "data": [
      {
        "text": "Париж",
        "alias": "address",
        "meta": "@sys.location",
        "userDefined": true
      }
    ],
    "isTemplate": false,
    "count": 0,
    "updated": 0
  },
  {
    "id": "a55dd296-214d-4494-8007-beec9c1e6bd0",
    "data": [
      {
        "text": "а какая в ",
        "userDefined": false
      },
      {
        "text": "Екатеринбурге",
        "alias": "address",
        "meta": "@sys.location",
        "userDefined": true
      }
    ],
    "isTemplate": false,
    "count": 0,
    "updated": 0
  },
  {
    "id": "3717c45a-3df1-4b85-8864-6d1367a194ee",
    "data": [
      {
        "text": "можешь проверить для ",
        "userDefined": false
      },
      {
        "text": "Лондона",
        "alias": "address",
        "meta": "@sys.location",
        "userDefined": true
      }
    ],
    "isTemplate": false,
    "count": 0,
    "updated": 0
  },
  {
    "id": "72a1e52b-552f-4229-bfbb-11ca4d3c3661",
    "data": [
      {
        "text": "что насчёт ",
        "userDefined": false
      },
      {
        "text": "Москвы",
        "alias": "address",
        "meta": "@sys.location",
        "userDefined": true
      }
    ],
    "isTemplate": false,
    "count": 0,
    "updated": 0
  },
  {
    "id": "1979e79c-7036-469d-b4cb-a7641f384a6f",
    "data": [
      {
        "text": "и что в ",
        "userDefined": false
      },
      {
        "text": "Риме",
        "alias": "address",
        "meta": "@sys.location",
        "userDefined": true
      }
    ],
    "isTemplate": false,
    "count": 0,
    "updated": 0
  },
  {
    "id": "701b68e9-0d8d-4c6a-b9ec-0d1e9e64e1ba",
    "data": [
      {
        "text": "а как в ",
        "userDefined": false
      },
      {
        "text": "Амстердаме",
        "alias": "address",
        "meta": "@sys.location",
        "userDefined": true
      }
    ],
    "isTemplate": false,
    "count": 0,
    "updated": 0
  },
  {
    "id": "f0b35a71-5b07-44ba-b980-812ec5091e53",
    "data": [
      {
        "text": "и в ",
        "userDefined": false
      },
      {
        "text": "Милане",
        "alias": "address",
        "meta": "@sys.location",
        "userDefined": true
      }
    ],
    "isTemplate": false,
    "count": 0,
    "updated": 0
  }
]