[
  {
    "id": "3d1d726b-0ca4-4535-9543-2beef77b316f",
    "data": [
      {
        "text": "ist es warm genug um in ",
        "userDefined": false
      },
      {
        "text": "Zürich",
        "alias": "address",
        "meta": "@sys.location",
        "userDefined": true
      },
      {
        "text": " ",
        "userDefined": false
      },
      {
        "text": "joggen",
        "alias": "activity",
        "meta": "@activity",
        "userDefined": true
      },
      {
        "text": " zu gehen",
        "userDefined": false
      }
    ],
    "isTemplate": false,
    "count": 0,
    "updated": 0
  },
  {
    "id": "fe2c0fd1-8212-4a5b-b21d-e1a70b1f5a9f",
    "data": [
      {
        "text": "kann ich bei diesem Wetter draußen ",
        "userDefined": false
      },
      {
        "text": "schwimmen",
        "alias": "activity",
        "meta": "@activity",
        "userDefined": true
      }
    ],
    "isTemplate": false,
    "count": 0,
    "updated": 0
  },
  {
    "id": "d3251629-1dde-4e43-8736-478a8a5af532",
    "data": [
      {
        "text": "kann ",
        "userDefined": false
      },
      {
        "text": "ich",
        "meta": "@sys.ignore",
        "userDefined": false
      },
      {
        "text": " ",
        "userDefined": false
      },
      {
        "text": "dieses Wochenende",
        "alias": "date-time",
        "meta": "@sys.date-time",
        "userDefined": false
      },
      {
        "text": " ",
        "userDefined": false
      },
      {
        "text": "reiten",
        "alias": "activity",
        "meta": "@activity",
        "userDefined": false
      }
    ],
    "isTemplate": false,
    "count": 0,
    "updated": 0
  },
  {
    "id": "39928397-8fa1-4874-a0c3-ff2fd529ac78",
    "data": [
      {
        "text": "gibt es ",
        "userDefined": false
      },
      {
        "text": "diesen Sommer",
        "alias": "date-time",
        "meta": "@sys.date-time",
        "userDefined": true
      },
      {
        "text": " schönes ",
        "userDefined": false
      },
      {
        "text": "Campingwetter",
        "alias": "activity",
        "meta": "@activity",
        "userDefined": true
      }
    ],
    "isTemplate": false,
    "count": 0,
    "updated": 0
  },
  {
    "id": "2a61254b-b3ed-4d40-8330-c959b2bd08e4",
    "data": [
      {
        "text": "kann ",
        "userDefined": false
      },
      {
        "text": "ich",
        "meta": "@sys.ignore",
        "userDefined": false
      },
      {
        "text": " in ",
        "userDefined": false
      },
      {
        "text": "Berlin",
        "alias": "address",
        "meta": "@sys.location",
        "userDefined": false
      },
      {
        "text": " ",
        "userDefined": false
      },
      {
        "text": "schwimmen",
        "alias": "activity",
        "meta": "@activity",
        "userDefined": false
      },
      {
        "text": " gehen",
        "userDefined": false
      }
    ],
    "isTemplate": false,
    "count": 0,
    "updated": 0
  },
  {
    "id": "544db731-9810-472b-93a8-4bd124d9fc35",
    "data": [
      {
        "text": "kann ",
        "userDefined": false
      },
      {
        "text": "ich",
        "meta": "@sys.ignore",
        "userDefined": false
      },
      {
        "text": " ",
        "userDefined": false
      },
      {
        "text": "schwimmen",
        "alias": "activity",
        "meta": "@activity",
        "userDefined": false
      },
      {
        "text": " gehen",
        "userDefined": false
      }
    ],
    "isTemplate": false,
    "count": 0,
    "updated": 0
  },
  {
    "id": "95152ff7-aafa-400e-840c-d8ccbf7a3f32",
    "data": [
      {
        "text": "ist das Wetter so gut dass man draußen ",
        "userDefined": false
      },
      {
        "text": "Frisbee",
        "alias": "activity",
        "meta": "@activity",
        "userDefined": true
      },
      {
        "text": " spielen kann",
        "userDefined": false
      }
    ],
    "isTemplate": false,
    "count": 0,
    "updated": 0
  },
  {
    "id": "3a8054af-87d9-448e-b6b6-2ff395ace82c",
    "data": [
      {
        "text": "kann ich ",
        "userDefined": false
      },
      {
        "text": "heute",
        "alias": "date-time",
        "meta": "@sys.date-time",
        "userDefined": true
      },
      {
        "text": " in ",
        "userDefined": false
      },
      {
        "text": "Bern",
        "alias": "address",
        "meta": "@sys.location",
        "userDefined": true
      },
      {
        "text": " ",
        "userDefined": false
      },
      {
        "text": "schwimmen",
        "alias": "activity",
        "meta": "@activity",
        "userDefined": true
      },
      {
        "text": " gehen",
        "userDefined": false
      }
    ],
    "isTemplate": false,
    "count": 0,
    "updated": 0
  },
  {
    "id": "25bce929-01b7-4f97-920e-7836b1a5b83a",
    "data": [
      {
        "text": "wird es ",
        "userDefined": false
      },
      {
        "text": "morgen",
        "alias": "date-time",
        "meta": "@sys.date-time",
        "userDefined": false
      },
      {
        "text": " ",
        "userDefined": false
      },
      {
        "text": "Schnee",
        "meta": "@sys.ignore",
        "userDefined": false
      },
      {
        "text": " geben um zu ",
        "userDefined": false
      },
      {
        "text": "rodeln",
        "alias": "activity",
        "meta": "@activity",
        "userDefined": true
      }
    ],
    "isTemplate": false,
    "count": 0,
    "updated": 0
  },
  {
    "id": "ffd2872f-c627-44b7-a22d-49bbd68694e5",
    "data": [
      {
        "text": "ist das ",
        "userDefined": false
      },
      {
        "text": "Wetter",
        "meta": "@sys.ignore",
        "userDefined": false
      },
      {
        "text": " gut um ",
        "userDefined": false
      },
      {
        "text": "Drahen steigen",
        "alias": "activity",
        "meta": "@activity",
        "userDefined": true
      },
      {
        "text": " zu lassen",
        "userDefined": false
      }
    ],
    "isTemplate": false,
    "count": 0,
    "updated": 0
  },
  {
    "id": "b75d3648-ba38-43d0-8f5c-e8875e5e31ba",
    "data": [
      {
        "text": "kann man im Moment gut ",
        "userDefined": false
      },
      {
        "text": "wandern",
        "alias": "activity",
        "meta": "@activity",
        "userDefined": true
      },
      {
        "text": " gehen",
        "userDefined": false
      }
    ],
    "isTemplate": false,
    "count": 0,
    "updated": 0
  },
  {
    "id": "f45347ab-3624-4240-8fd8-a22fa2e42d7d",
    "data": [
      {
        "text": "ist es ",
        "userDefined": false
      },
      {
        "text": "warm",
        "meta": "@sys.ignore",
        "userDefined": false
      },
      {
        "text": " genug um ",
        "userDefined": false
      },
      {
        "text": "schwimmen",
        "alias": "activity",
        "meta": "@activity",
        "userDefined": false
      },
      {
        "text": " zu gehen",
        "userDefined": false
      }
    ],
    "isTemplate": false,
    "count": 0,
    "updated": 0
  },
  {
    "id": "a3a3fcc4-b2b2-4b11-9d87-4dcbf98fbe06",
    "data": [
      {
        "text": "kann ",
        "userDefined": false
      },
      {
        "text": "ich",
        "meta": "@sys.ignore",
        "userDefined": false
      },
      {
        "text": " ",
        "userDefined": false
      },
      {
        "text": "joggen",
        "alias": "activity",
        "meta": "@activity",
        "userDefined": false
      },
      {
        "text": " gehen",
        "userDefined": false
      }
    ],
    "isTemplate": false,
    "count": 0,
    "updated": 0
  },
  {
    "id": "fca3f267-6fec-4594-947d-f4b3e74b60fb",
    "data": [
      {
        "text": "ist es ",
        "userDefined": false
      },
      {
        "text": "heiß",
        "meta": "@sys.ignore",
        "userDefined": false
      },
      {
        "text": " genug um zu ",
        "userDefined": false
      },
      {
        "text": "schwimmen",
        "alias": "activity",
        "meta": "@activity",
        "userDefined": false
      }
    ],
    "isTemplate": false,
    "count": 0,
    "updated": 0
  },
  {
    "id": "dd127792-ff24-4663-93e9-7d4ea8375359",
    "data": [
      {
        "text": "kann ",
        "userDefined": false
      },
      {
        "text": "ich",
        "meta": "@sys.ignore",
        "userDefined": false
      },
      {
        "text": " ",
        "userDefined": false
      },
      {
        "text": "heute",
        "alias": "date-time",
        "meta": "@sys.date-time",
        "userDefined": false
      },
      {
        "text": " ",
        "userDefined": false
      },
      {
        "text": "schwimmen",
        "alias": "activity",
        "meta": "@activity",
        "userDefined": false
      },
      {
        "text": " gehen",
        "userDefined": false
      }
    ],
    "isTemplate": false,
    "count": 0,
    "updated": 0
  }
]