[
  {
    "id": "ba97f85d-15a8-4164-bf93-5ddf2cd7115a",
    "data": [
      {
        "text": "et ",
        "userDefined": false
      },
      {
        "text": "dimanche",
        "alias": "date-time",
        "meta": "@sys.date-time",
        "userDefined": true
      }
    ],
    "isTemplate": false,
    "count": 0,
    "updated": 0
  },
  {
    "id": "d0c3c19a-dfc5-41ac-afe0-e1010827863a",
    "data": [
      {
        "text": "après-demain",
        "alias": "date-time",
        "meta": "@sys.date-time",
        "userDefined": false
      }
    ],
    "isTemplate": false,
    "count": 0,
    "updated": 0
  },
  {
    "id": "b3f7eacb-7226-491a-af7b-0cc64bf9297a",
    "data": [
      {
        "text": "ce dimanche",
        "alias": "date-time",
        "meta": "@sys.date-time",
        "userDefined": false
      },
      {
        "text": " aussi",
        "userDefined": false
      }
    ],
    "isTemplate": false,
    "count": 0,
    "updated": 0
  },
  {
    "id": "e06c7510-9f39-4fb9-a28e-ccf4f4a2a3cd",
    "data": [
      {
        "text": "et",
        "meta": "@sys.ignore",
        "userDefined": false
      },
      {
        "text": " ",
        "userDefined": false
      },
      {
        "text": "demain",
        "alias": "date-time",
        "meta": "@sys.date-time",
        "userDefined": false
      }
    ],
    "isTemplate": false,
    "count": 0,
    "updated": 0
  },
  {
    "id": "f16ea381-78d4-4b9a-8500-daafd4719b0b",
    "data": [
      {
        "text": "et ",
        "userDefined": false
      },
      {
        "text": "ce week end",
        "alias": "date-time",
        "meta": "@sys.date-time",
        "userDefined": true
      }
    ],
    "isTemplate": false,
    "count": 1,
    "updated": 0
  },
  {
    "id": "34f30efd-85a7-4492-8005-08ef42b0d448",
    "data": [
      {
        "text": "maintenant ",
        "userDefined": false
      },
      {
        "text": "lundi",
        "alias": "date-time",
        "meta": "@sys.date-time",
        "userDefined": false
      }
    ],
    "isTemplate": false,
    "count": 0,
    "updated": 0
  }
]