[
  {
    "id": "3ec29673-7831-436a-87c5-5fe011d8d950",
    "data": [
      {
        "text": "достаточно ли тепло для ",
        "userDefined": false
      },
      {
        "text": "игр",
        "alias": "activity",
        "meta": "@activity",
        "userDefined": true
      },
      {
        "text": " на улице",
        "userDefined": false
      }
    ],
    "isTemplate": false,
    "count": 0,
    "updated": 0
  },
  {
    "id": "61f215c7-a8ff-4356-b21b-d0053e3e6ca0",
    "data": [
      {
        "text": "сейчас хорошая погода для ",
        "userDefined": false
      },
      {
        "text": "пробежки",
        "alias": "activity",
        "meta": "@activity",
        "userDefined": true
      }
    ],
    "isTemplate": false,
    "count": 0,
    "updated": 0
  },
  {
    "id": "7dc9b975-b3b1-4af5-bf80-5b47cca532b5",
    "data": [
      {
        "text": "подходит ли погода для ",
        "userDefined": false
      },
      {
        "text": "прогулки",
        "alias": "activity",
        "meta": "@activity",
        "userDefined": true
      }
    ],
    "isTemplate": false,
    "count": 0,
    "updated": 0
  },
  {
    "id": "652c21c2-8d8e-4444-9501-2d99e4190a8c",
    "data": [
      {
        "text": "хочу ",
        "userDefined": false
      },
      {
        "text": "прогуляться",
        "alias": "activity",
        "meta": "@activity",
        "userDefined": true
      },
      {
        "text": " по ",
        "userDefined": false
      },
      {
        "text": "Мадриду",
        "alias": "address",
        "meta": "@sys.location",
        "userDefined": true
      }
    ],
    "isTemplate": false,
    "count": 0,
    "updated": 0
  },
  {
    "id": "c44693f8-4fa5-4e4d-a0fe-24b74948af3a",
    "data": [
      {
        "text": "достаточно ли хороша погода для езды на ",
        "userDefined": false
      },
      {
        "text": "велосипеде",
        "alias": "activity",
        "meta": "@activity",
        "userDefined": true
      }
    ],
    "isTemplate": false,
    "count": 0,
    "updated": 0
  },
  {
    "id": "42f1f348-563b-436c-8781-af3abea736dd",
    "data": [
      {
        "text": "хорошая погода для ",
        "userDefined": false
      },
      {
        "text": "серфинга",
        "alias": "activity",
        "meta": "@activity",
        "userDefined": true
      }
    ],
    "isTemplate": false,
    "count": 0,
    "updated": 0
  },
  {
    "id": "caffe274-d868-450f-bdc1-7fae4fac9b14",
    "data": [
      {
        "text": "рафтинг",
        "alias": "activity",
        "meta": "@activity",
        "userDefined": true
      },
      {
        "text": " в ",
        "userDefined": false
      },
      {
        "text": "Майами",
        "alias": "address",
        "meta": "@sys.location",
        "userDefined": true
      },
      {
        "text": " ",
        "userDefined": false
      },
      {
        "text": "этим вечером",
        "alias": "date-time",
        "meta": "@sys.date-time",
        "userDefined": true
      }
    ],
    "isTemplate": false,
    "count": 0,
    "updated": 0
  },
  {
    "id": "1aa5917b-8641-40b1-ad21-17f35d33c052",
    "data": [
      {
        "text": "думаешь достаточно тепло для ",
        "userDefined": false
      },
      {
        "text": "велопрогулки",
        "alias": "activity",
        "meta": "@activity",
        "userDefined": true
      }
    ],
    "isTemplate": false,
    "count": 1,
    "updated": 0
  },
  {
    "id": "66f7b056-ab25-4703-b826-65793bbb9fe9",
    "data": [
      {
        "text": "думаешь погода не подходит для игры в ",
        "userDefined": false
      },
      {
        "text": "бадминтон",
        "alias": "activity",
        "meta": "@activity",
        "userDefined": true
      }
    ],
    "isTemplate": false,
    "count": 0,
    "updated": 0
  },
  {
    "id": "c91678d7-aee5-4b59-9545-f17161723a16",
    "data": [
      {
        "text": "пробежка",
        "alias": "activity",
        "meta": "@activity",
        "userDefined": true
      },
      {
        "text": " этим ",
        "userDefined": false
      },
      {
        "text": "вечером",
        "alias": "date-time",
        "meta": "@sys.date-time",
        "userDefined": true
      }
    ],
    "isTemplate": false,
    "count": 0,
    "updated": 0
  },
  {
    "id": "96d46fe5-527a-4ccb-b270-8ce8133835b4",
    "data": [
      {
        "text": "стоит ли идти на ",
        "userDefined": false
      },
      {
        "text": "пробежку",
        "alias": "activity",
        "meta": "@activity",
        "userDefined": true
      }
    ],
    "isTemplate": false,
    "count": 0,
    "updated": 0
  },
  {
    "id": "9646c110-b2be-4046-9a27-0d1a0c35ef46",
    "data": [
      {
        "text": "виндсерфинг",
        "alias": "activity",
        "meta": "@activity",
        "userDefined": true
      },
      {
        "text": " в ",
        "userDefined": false
      },
      {
        "text": "Пхукете",
        "alias": "address",
        "meta": "@sys.location",
        "userDefined": true
      },
      {
        "text": " погода то что надо",
        "userDefined": false
      }
    ],
    "isTemplate": false,
    "count": 0,
    "updated": 0
  },
  {
    "id": "80bc8438-9344-4f15-b0f2-c98c94f92941",
    "data": [
      {
        "text": "хорошая погода для ",
        "userDefined": false
      },
      {
        "text": "осмотра достопримечательностей",
        "alias": "activity",
        "meta": "@activity",
        "userDefined": true
      }
    ],
    "isTemplate": false,
    "count": 0,
    "updated": 0
  },
  {
    "id": "d8dd43a8-4379-4b59-87a1-27733eab6b82",
    "data": [
      {
        "text": "можно ",
        "userDefined": false
      },
      {
        "text": "поплавать",
        "alias": "activity",
        "meta": "@activity",
        "userDefined": true
      }
    ],
    "isTemplate": false,
    "count": 0,
    "updated": 0
  },
  {
    "id": "bbc9da08-bc1c-4654-a27c-2b9396ac3e5c",
    "data": [
      {
        "text": "можно ли ",
        "userDefined": false
      },
      {
        "text": "играть в снежки",
        "alias": "activity",
        "meta": "@activity",
        "userDefined": true
      }
    ],
    "isTemplate": false,
    "count": 0,
    "updated": 0
  },
  {
    "id": "37ff5409-c22b-4405-a1bd-72de2f744ad7",
    "data": [
      {
        "text": "хорошо ты думаешь погода подходит для ",
        "userDefined": false
      },
      {
        "text": "похода",
        "alias": "activity",
        "meta": "@activity",
        "userDefined": true
      }
    ],
    "isTemplate": false,
    "count": 0,
    "updated": 0
  },
  {
    "id": "c478ad92-fe38-4d40-b153-65ac65175664",
    "data": [
      {
        "text": "велопрогулка",
        "alias": "activity",
        "meta": "@activity",
        "userDefined": true
      },
      {
        "text": " по ",
        "userDefined": false
      },
      {
        "text": "Москве",
        "alias": "address",
        "meta": "@sys.location",
        "userDefined": true
      },
      {
        "text": " стоит ли",
        "userDefined": false
      }
    ],
    "isTemplate": false,
    "count": 0,
    "updated": 0
  },
  {
    "id": "951671a6-37a9-42e2-a2d8-9ea2da7496ad",
    "data": [
      {
        "text": "достаточно ли тепло чтобы пойти ",
        "userDefined": false
      },
      {
        "text": "поплавать",
        "alias": "activity",
        "meta": "@activity",
        "userDefined": true
      }
    ],
    "isTemplate": false,
    "count": 0,
    "updated": 0
  },
  {
    "id": "077ecf56-5f47-457f-94c8-c398f83849b5",
    "data": [
      {
        "text": "стоит ли ",
        "userDefined": false
      },
      {
        "text": "идти в поход",
        "alias": "activity",
        "meta": "@activity",
        "userDefined": true
      },
      {
        "text": " ",
        "userDefined": false
      },
      {
        "text": "сейчас",
        "alias": "date-time",
        "meta": "@sys.date-time",
        "userDefined": true
      }
    ],
    "isTemplate": false,
    "count": 0,
    "updated": 0
  },
  {
    "id": "a18052d8-ca34-4321-90ac-aade581f595b",
    "data": [
      {
        "text": "сегодня",
        "alias": "date-time",
        "meta": "@sys.date-time",
        "userDefined": true
      },
      {
        "text": " подходящая погода для ",
        "userDefined": false
      },
      {
        "text": "прогулки",
        "alias": "activity",
        "meta": "@activity",
        "userDefined": true
      }
    ],
    "isTemplate": false,
    "count": 0,
    "updated": 0
  },
  {
    "id": "dd902872-283a-4fd1-b567-ddf4b1b31cc5",
    "data": [
      {
        "text": "смогу ли я ",
        "userDefined": false
      },
      {
        "text": "пойти в поход",
        "alias": "activity",
        "meta": "@activity",
        "userDefined": true
      }
    ],
    "isTemplate": false,
    "count": 0,
    "updated": 0
  },
  {
    "id": "90823a68-d386-4c5e-848b-51e10353ac8c",
    "data": [
      {
        "text": "стоит ли ехать в ",
        "userDefined": false
      },
      {
        "text": "Вену",
        "alias": "address",
        "meta": "@sys.location",
        "userDefined": true
      },
      {
        "text": " ",
        "userDefined": false
      },
      {
        "text": "кататься на лыжах",
        "alias": "activity",
        "meta": "@activity",
        "userDefined": true
      }
    ],
    "isTemplate": false,
    "count": 0,
    "updated": 0
  },
  {
    "id": "6f0ce1d8-53c3-4276-807b-deb1ec76dbff",
    "data": [
      {
        "text": "стоит ли ",
        "userDefined": false
      },
      {
        "text": "идти в поход",
        "alias": "activity",
        "meta": "@activity",
        "userDefined": true
      },
      {
        "text": " в ",
        "userDefined": false
      },
      {
        "text": "эти выходные",
        "alias": "date-time",
        "meta": "@sys.date-time",
        "userDefined": true
      },
      {
        "text": " ",
        "userDefined": false
      },
      {
        "text": "Москва",
        "alias": "address",
        "meta": "@sys.location",
        "userDefined": true
      }
    ],
    "isTemplate": false,
    "count": 0,
    "updated": 0
  },
  {
    "id": "0e5dd883-9d9d-4da7-9e7e-1c0a90eb3e20",
    "data": [
      {
        "text": "будет ли достаточно тепло чтобы ",
        "userDefined": false
      },
      {
        "text": "пойти за грибами",
        "alias": "activity",
        "meta": "@activity",
        "userDefined": true
      },
      {
        "text": " в ",
        "userDefined": false
      },
      {
        "text": "эту пятницу",
        "alias": "date-time",
        "meta": "@sys.date-time",
        "userDefined": true
      },
      {
        "text": " ",
        "userDefined": false
      },
      {
        "text": "Новосибирск",
        "alias": "address",
        "meta": "@sys.location",
        "userDefined": true
      }
    ],
    "isTemplate": false,
    "count": 0,
    "updated": 0
  },
  {
    "id": "b135e308-005a-403e-bb40-e674415b5071",
    "data": [
      {
        "text": "хотим ",
        "userDefined": false
      },
      {
        "text": "понаблюдать за птицами",
        "alias": "activity",
        "meta": "@activity",
        "userDefined": true
      },
      {
        "text": " ",
        "userDefined": false
      },
      {
        "text": "сегодня",
        "alias": "date-time",
        "meta": "@sys.date-time",
        "userDefined": true
      },
      {
        "text": " в ",
        "userDefined": false
      },
      {
        "text": "Бостоне",
        "alias": "address",
        "meta": "@sys.location",
        "userDefined": true
      }
    ],
    "isTemplate": false,
    "count": 0,
    "updated": 0
  },
  {
    "id": "27f42bf9-fc52-42c9-a830-37f041dd7c0b",
    "data": [
      {
        "text": "сегодня",
        "alias": "date-time",
        "meta": "@sys.date-time",
        "userDefined": true
      },
      {
        "text": " хорошая погода для ",
        "userDefined": false
      },
      {
        "text": "прогулки",
        "alias": "activity",
        "meta": "@activity",
        "userDefined": true
      }
    ],
    "isTemplate": false,
    "count": 0,
    "updated": 0
  },
  {
    "id": "d8c4c059-8362-43c8-88e0-ecadecab7be7",
    "data": [
      {
        "text": "хочу ",
        "userDefined": false
      },
      {
        "text": "прогуляться",
        "alias": "activity",
        "meta": "@activity",
        "userDefined": true
      },
      {
        "text": " как там погода",
        "userDefined": false
      }
    ],
    "isTemplate": false,
    "count": 2,
    "updated": 0
  },
  {
    "id": "50c35f84-454e-4d90-93ea-c930ef8b75da",
    "data": [
      {
        "text": "будет ли холодно в эту ",
        "userDefined": false
      },
      {
        "text": "пятницу",
        "alias": "date-time",
        "meta": "@sys.date-time",
        "userDefined": true
      },
      {
        "text": " хотим ",
        "userDefined": false
      },
      {
        "text": "поиграть в снежки",
        "alias": "activity",
        "meta": "@activity",
        "userDefined": true
      }
    ],
    "isTemplate": false,
    "count": 0,
    "updated": 0
  },
  {
    "id": "17256048-f203-43c7-b82c-b7cde8c506c7",
    "data": [
      {
        "text": "погода то что надо для ",
        "userDefined": false
      },
      {
        "text": "похода",
        "alias": "activity",
        "meta": "@activity",
        "userDefined": true
      }
    ],
    "isTemplate": false,
    "count": 0,
    "updated": 0
  },
  {
    "id": "6e0362bb-6e59-4c76-ba33-bc24b5d2c8d1",
    "data": [
      {
        "text": "собираюсь ",
        "userDefined": false
      },
      {
        "text": "сегодня",
        "alias": "date-time",
        "meta": "@sys.date-time",
        "userDefined": true
      },
      {
        "text": " ",
        "userDefined": false
      },
      {
        "text": "кататься на лыжах",
        "alias": "activity",
        "meta": "@activity",
        "userDefined": true
      },
      {
        "text": " получится",
        "userDefined": false
      }
    ],
    "isTemplate": false,
    "count": 1,
    "updated": 0
  },
  {
    "id": "46c5f255-a20a-4136-b5e1-bc0c1df05d2a",
    "data": [
      {
        "text": "подходящая ли на улице погода для ",
        "userDefined": false
      },
      {
        "text": "езды на горном велосипеде",
        "alias": "activity",
        "meta": "@activity",
        "userDefined": true
      }
    ],
    "isTemplate": false,
    "count": 0,
    "updated": 0
  },
  {
    "id": "8d878e05-b394-40e7-a6b2-58fcafd3d802",
    "data": [
      {
        "text": "вечером",
        "alias": "date-time",
        "meta": "@sys.date-time",
        "userDefined": true
      },
      {
        "text": " собираемся на ",
        "userDefined": false
      },
      {
        "text": "сафари",
        "alias": "activity",
        "meta": "@activity",
        "userDefined": true
      },
      {
        "text": " погода подходит",
        "userDefined": false
      }
    ],
    "isTemplate": false,
    "count": 0,
    "updated": 0
  },
  {
    "id": "c01e11b9-16b3-4dfc-ad30-3ddf13f6a533",
    "data": [
      {
        "text": "могу ли покататься на ",
        "userDefined": false
      },
      {
        "text": "сноуборде",
        "alias": "activity",
        "meta": "@activity",
        "userDefined": true
      }
    ],
    "isTemplate": false,
    "count": 0,
    "updated": 0
  },
  {
    "id": "a7132d25-0d39-4e5d-843e-457e773b1e20",
    "data": [
      {
        "text": "хочу ",
        "userDefined": false
      },
      {
        "text": "пойти в поход",
        "alias": "activity",
        "meta": "@activity",
        "userDefined": true
      },
      {
        "text": " на улице тепло",
        "userDefined": false
      }
    ],
    "isTemplate": false,
    "count": 1,
    "updated": 0
  }
]