[
  {
    "id": "3f5aec38-c1e4-4468-a373-a59cc4826f6a",
    "data": [
      {
        "text": "能不能",
        "userDefined": false
      },
      {
        "text": "攀登",
        "alias": "activity",
        "meta": "@activity",
        "userDefined": false
      }
    ],
    "isTemplate": false,
    "count": 0,
    "updated": 0
  },
  {
    "id": "3b9dcf58-d7c7-4a6b-8182-99b9fc9b3bd7",
    "data": [
      {
        "text": "會不會",
        "userDefined": false
      },
      {
        "text": "遊泳",
        "alias": "activity",
        "meta": "@activity",
        "userDefined": false
      }
    ],
    "isTemplate": false,
    "count": 0,
    "updated": 0
  },
  {
    "id": "80bd7822-bd4b-4aee-b4c3-be5451a5e7c0",
    "data": [
      {
        "text": "現在",
        "userDefined": false
      },
      {
        "text": "沖浪",
        "alias": "activity",
        "meta": "@activity",
        "userDefined": false
      }
    ],
    "isTemplate": false,
    "count": 0,
    "updated": 0
  },
  {
    "id": "2c8452e8-e640-4792-9f8d-48b80c3b22ff",
    "data": [
      {
        "text": "我還要",
        "userDefined": false
      },
      {
        "text": "單板滑雪",
        "alias": "activity",
        "meta": "@activity",
        "userDefined": false
      }
    ],
    "isTemplate": false,
    "count": 0,
    "updated": 0
  },
  {
    "id": "088eac97-5749-473d-b216-7bec60976e6e",
    "data": [
      {
        "text": "還要",
        "userDefined": false
      },
      {
        "text": "滑雪",
        "alias": "activity",
        "meta": "@activity",
        "userDefined": false
      }
    ],
    "isTemplate": false,
    "count": 0,
    "updated": 0
  },
  {
    "id": "17adc5cf-5e5f-44f0-a30a-767a61815be5",
    "data": [
      {
        "text": "關",
        "meta": "@sys.ignore",
        "userDefined": false
      },
      {
        "text": "于",
        "userDefined": false
      },
      {
        "text": "步行",
        "alias": "activity",
        "meta": "@activity",
        "userDefined": false
      }
    ],
    "isTemplate": false,
    "count": 0,
    "updated": 0
  },
  {
    "id": "e8eaa939-fc58-471e-b9cb-24cb4bc7318e",
    "data": [
      {
        "text": "還能不能",
        "userDefined": false
      },
      {
        "text": "打雪仗",
        "alias": "activity",
        "meta": "@activity",
        "userDefined": false
      }
    ],
    "isTemplate": false,
    "count": 0,
    "updated": 0
  },
  {
    "id": "6e4a389f-a969-4541-91df-6453b0c4ac50",
    "data": [
      {
        "text": "還需要",
        "userDefined": false
      },
      {
        "text": "自行車",
        "alias": "activity",
        "meta": "@activity",
        "userDefined": false
      }
    ],
    "isTemplate": false,
    "count": 0,
    "updated": 0
  },
  {
    "id": "b75f22a8-261b-4c8d-8daa-670c9607a854",
    "data": [
      {
        "text": "我還很想",
        "userDefined": false
      },
      {
        "text": "跑步",
        "alias": "activity",
        "meta": "@activity",
        "userDefined": false
      }
    ],
    "isTemplate": false,
    "count": 0,
    "updated": 0
  },
  {
    "id": "6018cdfe-992d-4393-ba9e-ab66882d219c",
    "data": [
      {
        "text": "怎麽能",
        "userDefined": false
      },
      {
        "text": "滑翔傘",
        "alias": "activity",
        "meta": "@activity",
        "userDefined": false
      }
    ],
    "isTemplate": false,
    "count": 0,
    "updated": 0
  }
]