[
  {
    "id": "1264f3fb-10ce-4daf-b387-87e5a4f5fa0f",
    "data": [
      {
        "text": "怎么能",
        "userDefined": false
      },
      {
        "text": "下个星期日",
        "alias": "date-time",
        "meta": "@sys.date-time",
        "userDefined": false
      }
    ],
    "isTemplate": false,
    "count": 0,
    "updated": 0
  },
  {
    "id": "f9f91c66-5a70-45e7-9910-f6189917986a",
    "data": [
      {
        "text": "现在",
        "userDefined": false
      },
      {
        "text": "明天",
        "alias": "date-time",
        "meta": "@sys.date-time",
        "userDefined": false
      }
    ],
    "isTemplate": false,
    "count": 0,
    "updated": 0
  },
  {
    "id": "6a078593-5036-4aea-bedb-98994591de3d",
    "data": [
      {
        "text": "关于",
        "userDefined": false
      },
      {
        "text": "两天后",
        "alias": "date-time",
        "meta": "@sys.date-time",
        "userDefined": true
      }
    ],
    "isTemplate": false,
    "count": 0,
    "updated": 0
  },
  {
    "id": "630c3d63-e7a4-45dc-8672-14fce7653eff",
    "data": [
      {
        "text": "我还很想",
        "userDefined": false
      },
      {
        "text": "一月一号",
        "alias": "date-time",
        "meta": "@sys.date-time",
        "userDefined": false
      }
    ],
    "isTemplate": false,
    "count": 0,
    "updated": 0
  },
  {
    "id": "8dcdaf3c-53c4-49f0-98bd-9d5e5a1faf8f",
    "data": [
      {
        "text": "星期六",
        "alias": "date-time",
        "meta": "@sys.date-time",
        "userDefined": false
      },
      {
        "text": "呢",
        "userDefined": false
      }
    ],
    "isTemplate": false,
    "count": 0,
    "updated": 0
  },
  {
    "id": "c4b52efc-cc35-422b-bc3b-db823870bcd3",
    "data": [
      {
        "text": "还要",
        "userDefined": false
      },
      {
        "text": "三天前",
        "alias": "date-time",
        "meta": "@sys.date-time",
        "userDefined": false
      }
    ],
    "isTemplate": false,
    "count": 0,
    "updated": 0
  },
  {
    "id": "7a8ff35f-4b8e-40ab-95bf-573d3b3780ba",
    "data": [
      {
        "text": "我还要",
        "userDefined": false
      },
      {
        "text": "昨天",
        "alias": "date-time",
        "meta": "@sys.date-time",
        "userDefined": false
      }
    ],
    "isTemplate": false,
    "count": 0,
    "updated": 0
  },
  {
    "id": "e13cc3f0-d1cd-4009-9a65-7c92b15f3162",
    "data": [
      {
        "text": "还要",
        "userDefined": false
      },
      {
        "text": "明天",
        "alias": "date-time",
        "meta": "@sys.date-time",
        "userDefined": false
      }
    ],
    "isTemplate": false,
    "count": 0,
    "updated": 0
  },
  {
    "id": "8dbdf668-e283-4da4-9028-436730b77c6b",
    "data": [
      {
        "text": "还需要",
        "userDefined": false
      },
      {
        "text": "昨天",
        "alias": "date-time",
        "meta": "@sys.date-time",
        "userDefined": false
      }
    ],
    "isTemplate": false,
    "count": 0,
    "updated": 0
  },
  {
    "id": "86570831-f62a-4be2-8b52-0435b54c61a6",
    "data": [
      {
        "text": "明天",
        "alias": "date-time",
        "meta": "@sys.date-time",
        "userDefined": false
      }
    ],
    "isTemplate": false,
    "count": 0,
    "updated": 0
  },
  {
    "id": "466f45a7-a9b9-4cb1-9bea-5851f7cc8329",
    "data": [
      {
        "text": "关",
        "meta": "@sys.ignore",
        "userDefined": false
      },
      {
        "text": "于",
        "userDefined": false
      },
      {
        "text": "明天",
        "alias": "date-time",
        "meta": "@sys.date-time",
        "userDefined": false
      }
    ],
    "isTemplate": false,
    "count": 0,
    "updated": 0
  },
  {
    "id": "159b8384-415d-4718-98c9-c0ed6a2c4fcd",
    "data": [
      {
        "text": "还能不能",
        "userDefined": false
      },
      {
        "text": "明天",
        "alias": "date-time",
        "meta": "@sys.date-time",
        "userDefined": false
      }
    ],
    "isTemplate": false,
    "count": 0,
    "updated": 0
  },
  {
    "id": "d794ac4a-39a5-47d8-a167-9cc411247ab1",
    "data": [
      {
        "text": "会不会",
        "userDefined": false
      },
      {
        "text": "前天",
        "alias": "date-time",
        "meta": "@sys.date-time",
        "userDefined": false
      }
    ],
    "isTemplate": false,
    "count": 0,
    "updated": 0
  },
  {
    "id": "91458ed6-4ab0-4f32-8ea4-cdc2464f8425",
    "data": [
      {
        "text": "能不能",
        "userDefined": false
      },
      {
        "text": "下星期五",
        "alias": "date-time",
        "meta": "@sys.date-time",
        "userDefined": false
      }
    ],
    "isTemplate": false,
    "count": 0,
    "updated": 0
  }
]