[
  {
    "id": "3e87b253-dc54-436a-b72d-3593ec5d80f5",
    "data": [
      {
        "text": "previsão do tempo",
        "userDefined": false
      }
    ],
    "isTemplate": false,
    "count": 0,
    "updated": 0
  },
  {
    "id": "1a537b0e-f80d-4b6f-91d4-6bfb00374fbb",
    "data": [
      {
        "text": "clima em ",
        "userDefined": false
      },
      {
        "text": "Durban",
        "alias": "address",
        "meta": "@sys.location",
        "userDefined": true
      }
    ],
    "isTemplate": false,
    "count": 0,
    "updated": 0
  },
  {
    "id": "e336d529-03f6-44ca-ad4a-2d84251443f0",
    "data": [
      {
        "text": "tempo em ",
        "userDefined": false
      },
      {
        "text": "São Paulo",
        "alias": "address",
        "meta": "@sys.location",
        "userDefined": false
      }
    ],
    "isTemplate": false,
    "count": 0,
    "updated": 0
  },
  {
    "id": "290373ac-94e4-40d0-926d-9ccfbbaaad31",
    "data": [
      {
        "text": "mostrar o clima para ",
        "userDefined": false
      },
      {
        "text": "hoje",
        "alias": "date-time",
        "meta": "@sys.date-time",
        "userDefined": true
      }
    ],
    "isTemplate": false,
    "count": 0,
    "updated": 0
  },
  {
    "id": "eb02b81a-aeb7-4cbd-adbe-b28aec25af37",
    "data": [
      {
        "text": "como está o clima em ",
        "userDefined": false
      },
      {
        "text": "Delft",
        "alias": "address",
        "meta": "@sys.location",
        "userDefined": true
      }
    ],
    "isTemplate": false,
    "count": 0,
    "updated": 0
  },
  {
    "id": "747dd916-ddcb-4420-a860-94be3f108fe4",
    "data": [
      {
        "text": "qual é a previsão do tempo em ",
        "userDefined": false
      },
      {
        "text": "Nova York",
        "alias": "address",
        "meta": "@sys.location",
        "userDefined": true
      },
      {
        "text": " para ",
        "userDefined": false
      },
      {
        "text": "esta manhã",
        "alias": "date-time",
        "meta": "@sys.date-time",
        "userDefined": true
      }
    ],
    "isTemplate": false,
    "count": 2,
    "updated": 0
  },
  {
    "id": "31cd3078-de29-499c-a4da-20b145be3427",
    "data": [
      {
        "text": "como está o tempo em ",
        "userDefined": false
      },
      {
        "text": "São Paulo",
        "alias": "address",
        "meta": "@sys.location",
        "userDefined": false
      },
      {
        "text": " ",
        "userDefined": false
      },
      {
        "text": "esta manhã",
        "alias": "date-time",
        "meta": "@sys.date-time",
        "userDefined": true
      }
    ],
    "isTemplate": false,
    "count": 0,
    "updated": 0
  },
  {
    "id": "ddb1a432-a249-4175-8a2d-2e6d2ec60bd5",
    "data": [
      {
        "text": "tempo",
        "userDefined": false
      }
    ],
    "isTemplate": false,
    "count": 0,
    "updated": 0
  },
  {
    "id": "dd8274f8-4cd7-4e93-bbc3-cb9e199f70b0",
    "data": [
      {
        "text": "como estará o clima ",
        "userDefined": false
      },
      {
        "text": "amanhã",
        "alias": "date-time",
        "meta": "@sys.date-time",
        "userDefined": true
      },
      {
        "text": " em ",
        "userDefined": false
      },
      {
        "text": "Camberra",
        "alias": "address",
        "meta": "@sys.location",
        "userDefined": true
      }
    ],
    "isTemplate": false,
    "count": 0,
    "updated": 0
  },
  {
    "id": "66fcb6c1-1055-4a3a-b254-7dfdc4a4f5cb",
    "data": [
      {
        "text": "clima em ",
        "userDefined": false
      },
      {
        "text": "Nirmal",
        "alias": "address",
        "meta": "@sys.location",
        "userDefined": true
      }
    ],
    "isTemplate": false,
    "count": 0,
    "updated": 0
  },
  {
    "id": "7b7ea1e4-25e8-4720-a22e-564a1e56d6fb",
    "data": [
      {
        "text": "como está o tempo em ",
        "userDefined": false
      },
      {
        "text": "Roma",
        "alias": "address",
        "meta": "@sys.location",
        "userDefined": true
      }
    ],
    "isTemplate": false,
    "count": 0,
    "updated": 0
  },
  {
    "id": "b083293b-6bd8-4a93-a248-125d94b51666",
    "data": [
      {
        "text": "clima em ",
        "userDefined": false
      },
      {
        "text": "Londres",
        "alias": "address",
        "meta": "@sys.location",
        "userDefined": true
      },
      {
        "text": " ",
        "userDefined": false
      },
      {
        "text": "em 5 dias",
        "alias": "date-time",
        "meta": "@sys.date-time",
        "userDefined": true
      }
    ],
    "isTemplate": false,
    "count": 0,
    "updated": 0
  },
  {
    "id": "93eacc95-170a-4fed-bdcc-fae86c1dc79c",
    "data": [
      {
        "text": "como está o clima na ",
        "userDefined": false
      },
      {
        "text": "Cidade do Cabo",
        "alias": "address",
        "meta": "@sys.location",
        "userDefined": true
      }
    ],
    "isTemplate": false,
    "count": 0,
    "updated": 0
  },
  {
    "id": "572fff31-88dc-4df6-a5bc-2be037746d87",
    "data": [
      {
        "text": "como está o tempo",
        "userDefined": false
      }
    ],
    "isTemplate": false,
    "count": 0,
    "updated": 0
  },
  {
    "id": "730e7204-8901-436d-aa62-77ca35945a00",
    "data": [
      {
        "text": "clima",
        "userDefined": false
      }
    ],
    "isTemplate": false,
    "count": 0,
    "updated": 0
  },
  {
    "id": "b7d6ceff-d4d3-42a1-9511-1dddf9cfaf58",
    "data": [
      {
        "text": "clima em ",
        "userDefined": false
      },
      {
        "text": "Paris",
        "alias": "address",
        "meta": "@sys.location",
        "userDefined": true
      },
      {
        "text": " em ",
        "userDefined": false
      },
      {
        "text": "Celsius",
        "alias": "unit",
        "meta": "@unit-temperature",
        "userDefined": true
      }
    ],
    "isTemplate": false,
    "count": 0,
    "updated": 0
  },
  {
    "id": "16e27874-17fc-4bb2-8c45-128157fe2314",
    "data": [
      {
        "text": "como estará o clima ",
        "userDefined": false
      },
      {
        "text": "amanhã",
        "alias": "date-time",
        "meta": "@sys.date-time",
        "userDefined": true
      },
      {
        "text": " em ",
        "userDefined": false
      },
      {
        "text": "Campbell",
        "alias": "address",
        "meta": "@sys.location",
        "userDefined": true
      }
    ],
    "isTemplate": false,
    "count": 0,
    "updated": 0
  },
  {
    "id": "aec7af7e-e5ce-4344-966d-701db6975ecd",
    "data": [
      {
        "text": "como está o clima",
        "userDefined": false
      }
    ],
    "isTemplate": false,
    "count": 0,
    "updated": 0
  },
  {
    "id": "8aea1d7e-678a-4866-8f75-74e83c39652a",
    "data": [
      {
        "text": "você poderia me dizer a previsão do tempo para ",
        "userDefined": false
      },
      {
        "text": "Hong Kong",
        "alias": "address",
        "meta": "@sys.location",
        "userDefined": true
      }
    ],
    "isTemplate": false,
    "count": 0,
    "updated": 0
  }
]