[
  {
    "id": "6ed009a2-05cc-4921-b623-f492d6031a9c",
    "data": [
      {
        "text": "quel ",
        "userDefined": false
      },
      {
        "text": "temps",
        "meta": "@sys.ignore",
        "userDefined": true
      },
      {
        "text": " fait-il à ",
        "userDefined": false
      },
      {
        "text": "Paris",
        "alias": "address",
        "meta": "@sys.location",
        "userDefined": true
      }
    ],
    "isTemplate": false,
    "count": 4,
    "updated": 0
  },
  {
    "id": "0901956f-2e2f-4207-ba59-4c05f3ab257b",
    "data": [
      {
        "text": "prévisions météo ",
        "userDefined": false
      },
      {
        "text": "Paris",
        "alias": "address",
        "meta": "@sys.location",
        "userDefined": true
      }
    ],
    "isTemplate": false,
    "count": 3,
    "updated": 0
  },
  {
    "id": "958290f6-0591-47c4-9467-8890dc1926ee",
    "data": [
      {
        "text": "quelle ",
        "userDefined": false
      },
      {
        "text": "est",
        "meta": "@sys.ignore",
        "userDefined": true
      },
      {
        "text": " ",
        "userDefined": false
      },
      {
        "text": "la",
        "meta": "@sys.ignore",
        "userDefined": true
      },
      {
        "text": " météo à ",
        "userDefined": false
      },
      {
        "text": "Audenge",
        "alias": "address",
        "meta": "@sys.location",
        "userDefined": true
      },
      {
        "text": " ",
        "userDefined": false
      },
      {
        "text": "jeudi",
        "alias": "date-time",
        "meta": "@sys.date-time",
        "userDefined": true
      }
    ],
    "isTemplate": false,
    "count": 1,
    "updated": 0
  },
  {
    "id": "6e28d4a1-9791-4846-87f2-317bf4b58fc3",
    "data": [
      {
        "text": "météo à ",
        "userDefined": false
      },
      {
        "text": "Strasbourg",
        "alias": "address",
        "meta": "@sys.location",
        "userDefined": true
      }
    ],
    "isTemplate": false,
    "count": 0,
    "updated": 0
  },
  {
    "id": "521ea2a4-6b77-4d8c-880a-fa2d22a322d4",
    "data": [
      {
        "text": "maintenant",
        "meta": "@sys.ignore",
        "userDefined": true
      },
      {
        "text": " ",
        "userDefined": false
      },
      {
        "text": "la",
        "meta": "@sys.ignore",
        "userDefined": true
      },
      {
        "text": " météo",
        "userDefined": false
      }
    ],
    "isTemplate": false,
    "count": 1,
    "updated": 0
  },
  {
    "id": "6579d829-acd2-4aa2-9a3b-41d1876248f1",
    "data": [
      {
        "text": "quel ",
        "userDefined": false
      },
      {
        "text": "temps",
        "meta": "@sys.ignore",
        "userDefined": true
      },
      {
        "text": " fera ",
        "userDefined": false
      },
      {
        "text": "demain",
        "alias": "date-time",
        "meta": "@sys.date-time",
        "userDefined": true
      }
    ],
    "isTemplate": false,
    "count": 0,
    "updated": 0
  },
  {
    "id": "38af9d8c-b299-4ec8-8fa1-3c003b513a34",
    "data": [
      {
        "text": "quelle météo à ",
        "userDefined": false
      },
      {
        "text": "Dakar",
        "alias": "address",
        "meta": "@sys.location",
        "userDefined": true
      },
      {
        "text": " ",
        "userDefined": false
      },
      {
        "text": "ce soir",
        "meta": "@sys.ignore",
        "userDefined": true
      }
    ],
    "isTemplate": false,
    "count": 0,
    "updated": 0
  },
  {
    "id": "2b1f71bb-9ae4-46e4-bd7d-d68f70496c94",
    "data": [
      {
        "text": "j\u0027aimerais",
        "meta": "@sys.ignore",
        "userDefined": true
      },
      {
        "text": " avoir ",
        "userDefined": false
      },
      {
        "text": "la",
        "meta": "@sys.ignore",
        "userDefined": true
      },
      {
        "text": " météo d\u0027",
        "userDefined": false
      },
      {
        "text": "aujourd\u0027hui",
        "alias": "date-time",
        "meta": "@sys.date-time",
        "userDefined": true
      },
      {
        "text": " ",
        "userDefined": false
      },
      {
        "text": "s",
        "meta": "@sys.ignore",
        "userDefined": true
      },
      {
        "text": "\u0027",
        "userDefined": false
      },
      {
        "text": "il",
        "meta": "@sys.ignore",
        "userDefined": true
      },
      {
        "text": " te plaît",
        "userDefined": false
      }
    ],
    "isTemplate": false,
    "count": 0,
    "updated": 0
  },
  {
    "id": "c12258f3-37cd-40a9-be24-0d6f8931ff5f",
    "data": [
      {
        "text": "quelle ",
        "userDefined": false
      },
      {
        "text": "est",
        "meta": "@sys.ignore",
        "userDefined": true
      },
      {
        "text": " ",
        "userDefined": false
      },
      {
        "text": "la",
        "meta": "@sys.ignore",
        "userDefined": true
      },
      {
        "text": " météo à ",
        "userDefined": false
      },
      {
        "text": "Carcassonne",
        "alias": "address",
        "meta": "@sys.location",
        "userDefined": true
      },
      {
        "text": " ",
        "userDefined": false
      },
      {
        "text": "demain",
        "alias": "date-time",
        "meta": "@sys.date-time",
        "userDefined": true
      }
    ],
    "isTemplate": false,
    "count": 2,
    "updated": 0
  },
  {
    "id": "bc4e7fa1-4f47-4fd8-a866-7a82ce127263",
    "data": [
      {
        "text": "le temps",
        "meta": "@sys.ignore",
        "userDefined": true
      },
      {
        "text": " à ",
        "userDefined": false
      },
      {
        "text": "Paris",
        "alias": "address",
        "meta": "@sys.location",
        "userDefined": true
      }
    ],
    "isTemplate": false,
    "count": 2,
    "updated": 0
  },
  {
    "id": "920bab62-860f-4946-bc51-b553098342be",
    "data": [
      {
        "text": "prévisions météo ",
        "userDefined": false
      },
      {
        "text": "de la semaine",
        "alias": "date-time",
        "meta": "@sys.date-time",
        "userDefined": true
      }
    ],
    "isTemplate": false,
    "count": 0,
    "updated": 0
  },
  {
    "id": "b68f0c67-c694-4dd8-a4dc-64914ec2a726",
    "data": [
      {
        "text": "Il",
        "meta": "@sys.ignore",
        "userDefined": true
      },
      {
        "text": " fait quel ",
        "userDefined": false
      },
      {
        "text": "temps",
        "meta": "@sys.ignore",
        "userDefined": true
      },
      {
        "text": " à ",
        "userDefined": false
      },
      {
        "text": "Lyon",
        "alias": "address",
        "meta": "@sys.location",
        "userDefined": true
      },
      {
        "text": " ",
        "userDefined": false
      },
      {
        "text": "aujourd\u0027hui",
        "alias": "date-time",
        "meta": "@sys.date-time",
        "userDefined": true
      }
    ],
    "isTemplate": false,
    "count": 0,
    "updated": 0
  },
  {
    "id": "449f331d-3a7b-4ae8-a355-5d53f76320f0",
    "data": [
      {
        "text": "quelle ",
        "userDefined": false
      },
      {
        "text": "est",
        "meta": "@sys.ignore",
        "userDefined": true
      },
      {
        "text": " ",
        "userDefined": false
      },
      {
        "text": "la",
        "meta": "@sys.ignore",
        "userDefined": true
      },
      {
        "text": " météo pour ",
        "userDefined": false
      },
      {
        "text": "aujourd\u0027hui",
        "alias": "date-time",
        "meta": "@sys.date-time",
        "userDefined": true
      },
      {
        "text": " pour ",
        "userDefined": false
      },
      {
        "text": "Bayeux",
        "alias": "address",
        "meta": "@sys.location",
        "userDefined": true
      }
    ],
    "isTemplate": false,
    "count": 1,
    "updated": 0
  },
  {
    "id": "8672c31d-828a-4e7c-8597-bce24c626986",
    "data": [
      {
        "text": "quelle ",
        "userDefined": false
      },
      {
        "text": "est",
        "meta": "@sys.ignore",
        "userDefined": true
      },
      {
        "text": " ",
        "userDefined": false
      },
      {
        "text": "la",
        "meta": "@sys.ignore",
        "userDefined": true
      },
      {
        "text": " météo d\u0027",
        "userDefined": false
      },
      {
        "text": "aujourd\u0027hui",
        "alias": "date-time",
        "meta": "@sys.date-time",
        "userDefined": true
      }
    ],
    "isTemplate": false,
    "count": 0,
    "updated": 0
  },
  {
    "id": "e7d907b3-accb-4d39-8768-d38578ea8122",
    "data": [
      {
        "text": "prévisions météorologiques pour ",
        "userDefined": false
      },
      {
        "text": "Calimera",
        "alias": "address",
        "meta": "@sys.location",
        "userDefined": true
      }
    ],
    "isTemplate": false,
    "count": 0,
    "updated": 0
  },
  {
    "id": "d4cae158-509a-49bb-9595-f378018220c5",
    "data": [
      {
        "text": "prévisions météo ",
        "userDefined": false
      },
      {
        "text": "Bordeaux",
        "alias": "address",
        "meta": "@sys.location",
        "userDefined": true
      }
    ],
    "isTemplate": false,
    "count": 0,
    "updated": 0
  },
  {
    "id": "f3b54c69-0084-4371-ae03-26eed15bdd91",
    "data": [
      {
        "text": "quelle ",
        "userDefined": false
      },
      {
        "text": "est",
        "meta": "@sys.ignore",
        "userDefined": true
      },
      {
        "text": " ",
        "userDefined": false
      },
      {
        "text": "la",
        "meta": "@sys.ignore",
        "userDefined": true
      },
      {
        "text": " météo à ",
        "userDefined": false
      },
      {
        "text": "Brest",
        "alias": "address",
        "meta": "@sys.location",
        "userDefined": true
      }
    ],
    "isTemplate": false,
    "count": 0,
    "updated": 0
  },
  {
    "id": "61a49744-fbbc-4096-b473-dda136caa4b1",
    "data": [
      {
        "text": "quelle météo sera ",
        "userDefined": false
      },
      {
        "text": "jeudi",
        "alias": "date-time",
        "meta": "@sys.date-time",
        "userDefined": true
      }
    ],
    "isTemplate": false,
    "count": 0,
    "updated": 0
  },
  {
    "id": "bf407022-0ed7-4450-8a01-8b5714dcad4a",
    "data": [
      {
        "text": "pourrais-tu ",
        "userDefined": false
      },
      {
        "text": "me",
        "meta": "@sys.ignore",
        "userDefined": true
      },
      {
        "text": " donner ",
        "userDefined": false
      },
      {
        "text": "la",
        "meta": "@sys.ignore",
        "userDefined": true
      },
      {
        "text": " météo ",
        "userDefined": false
      },
      {
        "text": "sur",
        "meta": "@sys.ignore",
        "userDefined": true
      },
      {
        "text": " ",
        "userDefined": false
      },
      {
        "text": "Cagny",
        "alias": "address",
        "meta": "@sys.location",
        "userDefined": true
      }
    ],
    "isTemplate": false,
    "count": 1,
    "updated": 0
  },
  {
    "id": "419efbda-573f-4040-95c5-370bffea5a14",
    "data": [
      {
        "text": "quelle ",
        "userDefined": false
      },
      {
        "text": "est",
        "meta": "@sys.ignore",
        "userDefined": true
      },
      {
        "text": " ",
        "userDefined": false
      },
      {
        "text": "la",
        "meta": "@sys.ignore",
        "userDefined": true
      },
      {
        "text": " météo à ",
        "userDefined": false
      },
      {
        "text": "Nevers",
        "alias": "address",
        "meta": "@sys.location",
        "userDefined": true
      }
    ],
    "isTemplate": false,
    "count": 0,
    "updated": 0
  },
  {
    "id": "98c8bb62-adf1-44a9-8b8c-6a245ab7be85",
    "data": [
      {
        "text": "les",
        "meta": "@sys.ignore",
        "userDefined": true
      },
      {
        "text": " prévisions météo pour ",
        "userDefined": false
      },
      {
        "text": "Paris",
        "alias": "address",
        "meta": "@sys.location",
        "userDefined": true
      }
    ],
    "isTemplate": false,
    "count": 3,
    "updated": 0
  },
  {
    "id": "77ea9c1c-8848-4ee5-88a4-b9ef0a1d6a54",
    "data": [
      {
        "text": "il",
        "meta": "@sys.ignore",
        "userDefined": true
      },
      {
        "text": " ",
        "userDefined": false
      },
      {
        "text": "va",
        "meta": "@sys.ignore",
        "userDefined": true
      },
      {
        "text": " faire quel ",
        "userDefined": false
      },
      {
        "text": "temps",
        "meta": "@sys.ignore",
        "userDefined": true
      },
      {
        "text": " ",
        "userDefined": false
      },
      {
        "text": "demain",
        "alias": "date-time",
        "meta": "@sys.date-time",
        "userDefined": true
      }
    ],
    "isTemplate": false,
    "count": 0,
    "updated": 0
  },
  {
    "id": "387bf101-085b-47a6-a262-4ed0eb2197c8",
    "data": [
      {
        "text": "quelle ",
        "userDefined": false
      },
      {
        "text": "est",
        "meta": "@sys.ignore",
        "userDefined": true
      },
      {
        "text": " ",
        "userDefined": false
      },
      {
        "text": "la",
        "meta": "@sys.ignore",
        "userDefined": true
      },
      {
        "text": " météo ",
        "userDefined": false
      },
      {
        "text": "de",
        "meta": "@sys.ignore",
        "userDefined": true
      },
      {
        "text": " ",
        "userDefined": false
      },
      {
        "text": "Libreville",
        "alias": "address",
        "meta": "@sys.location",
        "userDefined": true
      }
    ],
    "isTemplate": false,
    "count": 0,
    "updated": 0
  },
  {
    "id": "294eeca4-f0d2-4d42-80c9-c9a147ffa642",
    "data": [
      {
        "text": "dis ",
        "userDefined": false
      },
      {
        "text": "moi",
        "meta": "@sys.ignore",
        "userDefined": true
      },
      {
        "text": " ",
        "userDefined": false
      },
      {
        "text": "la",
        "meta": "@sys.ignore",
        "userDefined": true
      },
      {
        "text": " météo du ",
        "userDefined": false
      },
      {
        "text": "Havre",
        "alias": "address",
        "meta": "@sys.location",
        "userDefined": true
      }
    ],
    "isTemplate": false,
    "count": 0,
    "updated": 0
  },
  {
    "id": "ebbdc98e-ccb6-43b4-85a8-7bd553ca1def",
    "data": [
      {
        "text": "montre-moi quel ",
        "userDefined": false
      },
      {
        "text": "temps",
        "meta": "@sys.ignore",
        "userDefined": true
      },
      {
        "text": " ",
        "userDefined": false
      },
      {
        "text": "il",
        "meta": "@sys.ignore",
        "userDefined": true
      },
      {
        "text": " fait à ",
        "userDefined": false
      },
      {
        "text": "Paris",
        "alias": "address",
        "meta": "@sys.location",
        "userDefined": true
      }
    ],
    "isTemplate": false,
    "count": 1,
    "updated": 0
  },
  {
    "id": "07a8b707-7ebf-467e-aa0c-3afbb9139005",
    "data": [
      {
        "text": "tu peux ",
        "userDefined": false
      },
      {
        "text": "me",
        "meta": "@sys.ignore",
        "userDefined": true
      },
      {
        "text": " donner ",
        "userDefined": false
      },
      {
        "text": "la",
        "meta": "@sys.ignore",
        "userDefined": true
      },
      {
        "text": " météo",
        "userDefined": false
      }
    ],
    "isTemplate": false,
    "count": 0,
    "updated": 0
  },
  {
    "id": "093d6a25-34b5-4b1c-9656-a0470c21ba56",
    "data": [
      {
        "text": "les",
        "meta": "@sys.ignore",
        "userDefined": true
      },
      {
        "text": " prévisions météo pour ",
        "userDefined": false
      },
      {
        "text": "Le Mans",
        "alias": "address",
        "meta": "@sys.location",
        "userDefined": true
      }
    ],
    "isTemplate": false,
    "count": 0,
    "updated": 0
  },
  {
    "id": "2a8fd49b-a0c5-4f01-a1d1-1c7daae5ea4c",
    "data": [
      {
        "text": "peux-tu ",
        "userDefined": false
      },
      {
        "text": "me",
        "meta": "@sys.ignore",
        "userDefined": true
      },
      {
        "text": " dire quel ",
        "userDefined": false
      },
      {
        "text": "temps",
        "meta": "@sys.ignore",
        "userDefined": true
      },
      {
        "text": " ",
        "userDefined": false
      },
      {
        "text": "il",
        "meta": "@sys.ignore",
        "userDefined": true
      },
      {
        "text": " fait",
        "userDefined": false
      }
    ],
    "isTemplate": false,
    "count": 0,
    "updated": 0
  },
  {
    "id": "6d7f31fe-2a97-40ac-b020-932a6925fa09",
    "data": [
      {
        "text": "tu peux me montrer la météo d\u0027",
        "userDefined": false
      },
      {
        "text": "aujourd\u0027hui",
        "alias": "date-time",
        "meta": "@sys.date-time",
        "userDefined": true
      },
      {
        "text": " ici",
        "userDefined": false
      }
    ],
    "isTemplate": false,
    "count": 1,
    "updated": 0
  },
  {
    "id": "f523f33b-34c4-489a-b64d-6e7810b5edc1",
    "data": [
      {
        "text": "météo à ",
        "userDefined": false
      },
      {
        "text": "New York",
        "alias": "address",
        "meta": "@sys.location",
        "userDefined": false
      },
      {
        "text": " ",
        "userDefined": false
      },
      {
        "text": "ce matin",
        "alias": "date-time",
        "meta": "@sys.date-time",
        "userDefined": false
      }
    ],
    "isTemplate": false,
    "count": 1,
    "updated": 0
  },
  {
    "id": "54e6f4db-3e8d-41e0-b7dd-caff297bbcd6",
    "data": [
      {
        "text": "quelle sera ",
        "userDefined": false
      },
      {
        "text": "la",
        "meta": "@sys.ignore",
        "userDefined": true
      },
      {
        "text": " météo ",
        "userDefined": false
      },
      {
        "text": "de",
        "meta": "@sys.ignore",
        "userDefined": true
      },
      {
        "text": " ",
        "userDefined": false
      },
      {
        "text": "jeudi",
        "alias": "date-time",
        "meta": "@sys.date-time",
        "userDefined": true
      },
      {
        "text": " à ",
        "userDefined": false
      },
      {
        "text": "Lanton",
        "alias": "address",
        "meta": "@sys.location",
        "userDefined": true
      }
    ],
    "isTemplate": false,
    "count": 1,
    "updated": 0
  },
  {
    "id": "e56027b8-993d-4f25-b72d-608de41e399e",
    "data": [
      {
        "text": "quel temps fera-t-il à ",
        "userDefined": false
      },
      {
        "text": "Paris",
        "alias": "address",
        "meta": "@sys.location",
        "userDefined": true
      },
      {
        "text": " ",
        "userDefined": false
      },
      {
        "text": "demain",
        "alias": "date-time",
        "meta": "@sys.date-time",
        "userDefined": true
      }
    ],
    "isTemplate": false,
    "count": 1,
    "updated": 0
  },
  {
    "id": "dc03bce7-9123-435b-af64-b4fca9cd4ab9",
    "data": [
      {
        "text": "quel ",
        "userDefined": false
      },
      {
        "text": "est",
        "meta": "@sys.ignore",
        "userDefined": true
      },
      {
        "text": " ",
        "userDefined": false
      },
      {
        "text": "le temps",
        "meta": "@sys.ignore",
        "userDefined": true
      },
      {
        "text": " à ",
        "userDefined": false
      },
      {
        "text": "Paris",
        "alias": "address",
        "meta": "@sys.location",
        "userDefined": true
      }
    ],
    "isTemplate": false,
    "count": 4,
    "updated": 0
  },
  {
    "id": "c1f12e1f-30b4-4205-b143-497307ad268c",
    "data": [
      {
        "text": "météo ",
        "userDefined": false
      },
      {
        "text": "pour la semaine",
        "alias": "date-time",
        "meta": "@sys.date-time",
        "userDefined": true
      }
    ],
    "isTemplate": false,
    "count": 0,
    "updated": 0
  },
  {
    "id": "083a0e07-1c7c-4061-91d3-125558fccc97",
    "data": [
      {
        "text": "prévisions météo pour ",
        "userDefined": false
      },
      {
        "text": "Oslo",
        "alias": "address",
        "meta": "@sys.location",
        "userDefined": true
      },
      {
        "text": " ",
        "userDefined": false
      },
      {
        "text": "demain",
        "alias": "date-time",
        "meta": "@sys.date-time",
        "userDefined": true
      }
    ],
    "isTemplate": false,
    "count": 0,
    "updated": 0
  },
  {
    "id": "6b87027a-036d-48a4-9313-cb193b0b892f",
    "data": [
      {
        "text": "quelle ",
        "userDefined": false
      },
      {
        "text": "est",
        "meta": "@sys.ignore",
        "userDefined": true
      },
      {
        "text": " ",
        "userDefined": false
      },
      {
        "text": "la",
        "meta": "@sys.ignore",
        "userDefined": true
      },
      {
        "text": " météo ",
        "userDefined": false
      },
      {
        "text": "s",
        "meta": "@sys.ignore",
        "userDefined": true
      },
      {
        "text": "\u0027",
        "userDefined": false
      },
      {
        "text": "il",
        "meta": "@sys.ignore",
        "userDefined": true
      },
      {
        "text": " te plaît",
        "userDefined": false
      }
    ],
    "isTemplate": false,
    "count": 0,
    "updated": 0
  },
  {
    "id": "3896c51b-a9dd-4a14-91f5-16970939eee8",
    "data": [
      {
        "text": "dis-moi",
        "meta": "@sys.ignore",
        "userDefined": true
      },
      {
        "text": " ",
        "userDefined": false
      },
      {
        "text": "la",
        "meta": "@sys.ignore",
        "userDefined": true
      },
      {
        "text": " météo",
        "userDefined": false
      }
    ],
    "isTemplate": false,
    "count": 0,
    "updated": 0
  },
  {
    "id": "f1060084-5e1f-4eba-b3a4-227beae3eb9c",
    "data": [
      {
        "text": "météo ",
        "userDefined": false
      },
      {
        "text": "de",
        "meta": "@sys.ignore",
        "userDefined": true
      },
      {
        "text": " ",
        "userDefined": false
      },
      {
        "text": "aujourd\u0027hui",
        "alias": "date-time",
        "meta": "@sys.date-time",
        "userDefined": true
      },
      {
        "text": " pour ",
        "userDefined": false
      },
      {
        "text": "Bruxelles",
        "alias": "address",
        "meta": "@sys.location",
        "userDefined": true
      }
    ],
    "isTemplate": false,
    "count": 0,
    "updated": 0
  },
  {
    "id": "84e923e2-a0a0-42f4-a2e2-a751ee922b74",
    "data": [
      {
        "text": "dis-moi ",
        "userDefined": false
      },
      {
        "text": "la",
        "meta": "@sys.ignore",
        "userDefined": true
      },
      {
        "text": " météo à ",
        "userDefined": false
      },
      {
        "text": "Moscou",
        "alias": "address",
        "meta": "@sys.location",
        "userDefined": true
      },
      {
        "text": " pour ",
        "userDefined": false
      },
      {
        "text": "demain",
        "alias": "date-time",
        "meta": "@sys.date-time",
        "userDefined": true
      }
    ],
    "isTemplate": false,
    "count": 1,
    "updated": 0
  },
  {
    "id": "46946107-3914-4e1b-99c6-b2cd06ba2673",
    "data": [
      {
        "text": "la",
        "meta": "@sys.ignore",
        "userDefined": true
      },
      {
        "text": " météo ",
        "userDefined": false
      },
      {
        "text": "s",
        "meta": "@sys.ignore",
        "userDefined": true
      },
      {
        "text": "\u0027",
        "userDefined": false
      },
      {
        "text": "il",
        "meta": "@sys.ignore",
        "userDefined": true
      },
      {
        "text": " vous plaît",
        "userDefined": false
      }
    ],
    "isTemplate": false,
    "count": 0,
    "updated": 0
  },
  {
    "id": "84c7b41f-8d39-41c6-832c-4dbdc1ff5313",
    "data": [
      {
        "text": "météo à ",
        "userDefined": false
      },
      {
        "text": "Marseille",
        "alias": "address",
        "meta": "@sys.location",
        "userDefined": true
      },
      {
        "text": " pour ",
        "userDefined": false
      },
      {
        "text": "aujourd\u0027hui",
        "alias": "date-time",
        "meta": "@sys.date-time",
        "userDefined": true
      }
    ],
    "isTemplate": false,
    "count": 0,
    "updated": 0
  },
  {
    "id": "6fab2c4d-7c4d-41a9-beb1-20ee941efaca",
    "data": [
      {
        "text": "quel ",
        "userDefined": false
      },
      {
        "text": "est",
        "meta": "@sys.ignore",
        "userDefined": true
      },
      {
        "text": " ",
        "userDefined": false
      },
      {
        "text": "le temps",
        "meta": "@sys.ignore",
        "userDefined": true
      },
      {
        "text": " à ",
        "userDefined": false
      },
      {
        "text": "Pénestin",
        "alias": "address",
        "meta": "@sys.location",
        "userDefined": true
      }
    ],
    "isTemplate": false,
    "count": 0,
    "updated": 0
  },
  {
    "id": "00770f46-fedf-4410-9cf1-0f7d19acbc0e",
    "data": [
      {
        "text": "s",
        "meta": "@sys.ignore",
        "userDefined": true
      },
      {
        "text": "\u0027",
        "userDefined": false
      },
      {
        "text": "il",
        "meta": "@sys.ignore",
        "userDefined": true
      },
      {
        "text": " te plaît ",
        "userDefined": false
      },
      {
        "text": "la",
        "meta": "@sys.ignore",
        "userDefined": true
      },
      {
        "text": " météo à ",
        "userDefined": false
      },
      {
        "text": "Marrakech",
        "alias": "address",
        "meta": "@sys.location",
        "userDefined": true
      }
    ],
    "isTemplate": false,
    "count": 0,
    "updated": 0
  },
  {
    "id": "1651b585-8b3f-4f16-8df9-e3e8d36f4cac",
    "data": [
      {
        "text": "quelle ",
        "userDefined": false
      },
      {
        "text": "est",
        "meta": "@sys.ignore",
        "userDefined": true
      },
      {
        "text": " ",
        "userDefined": false
      },
      {
        "text": "la",
        "meta": "@sys.ignore",
        "userDefined": true
      },
      {
        "text": " météo pour ",
        "userDefined": false
      },
      {
        "text": "aujourd\u0027hui",
        "alias": "date-time",
        "meta": "@sys.date-time",
        "userDefined": true
      }
    ],
    "isTemplate": false,
    "count": 0,
    "updated": 0
  },
  {
    "id": "46341f6b-48b7-4e0b-94c7-937df11578af",
    "data": [
      {
        "text": "météo pour ",
        "userDefined": false
      },
      {
        "text": "Drummondville",
        "alias": "address",
        "meta": "@sys.location",
        "userDefined": true
      }
    ],
    "isTemplate": false,
    "count": 0,
    "updated": 0
  },
  {
    "id": "e91fe119-7477-40ab-b2b6-c6f547291975",
    "data": [
      {
        "text": "peux-tu ",
        "userDefined": false
      },
      {
        "text": "m",
        "meta": "@sys.ignore",
        "userDefined": true
      },
      {
        "text": "\u0027afficher ",
        "userDefined": false
      },
      {
        "text": "la",
        "meta": "@sys.ignore",
        "userDefined": true
      },
      {
        "text": " météo de ",
        "userDefined": false
      },
      {
        "text": "Paris",
        "alias": "address",
        "meta": "@sys.location",
        "userDefined": true
      }
    ],
    "isTemplate": false,
    "count": 1,
    "updated": 0
  },
  {
    "id": "a4059312-97bd-4ce2-8006-3bb0ee7b4552",
    "data": [
      {
        "text": "tu peux ",
        "userDefined": false
      },
      {
        "text": "me",
        "meta": "@sys.ignore",
        "userDefined": true
      },
      {
        "text": " dicter ",
        "userDefined": false
      },
      {
        "text": "la",
        "meta": "@sys.ignore",
        "userDefined": true
      },
      {
        "text": " météo pour ",
        "userDefined": false
      },
      {
        "text": "demain",
        "alias": "date-time",
        "meta": "@sys.date-time",
        "userDefined": true
      }
    ],
    "isTemplate": false,
    "count": 0,
    "updated": 0
  },
  {
    "id": "5d4fd98f-21d0-46da-9d42-6dba5292f42e",
    "data": [
      {
        "text": "quelle ",
        "userDefined": false
      },
      {
        "text": "est",
        "meta": "@sys.ignore",
        "userDefined": true
      },
      {
        "text": " ",
        "userDefined": false
      },
      {
        "text": "la",
        "meta": "@sys.ignore",
        "userDefined": true
      },
      {
        "text": " météo ",
        "userDefined": false
      },
      {
        "text": "aujourd\u0027hui",
        "alias": "date-time",
        "meta": "@sys.date-time",
        "userDefined": true
      },
      {
        "text": " à ",
        "userDefined": false
      },
      {
        "text": "Paris",
        "alias": "address",
        "meta": "@sys.location",
        "userDefined": true
      }
    ],
    "isTemplate": false,
    "count": 0,
    "updated": 0
  },
  {
    "id": "66c50b4c-d5ad-4197-bcad-dcc41bf3c014",
    "data": [
      {
        "text": "les",
        "meta": "@sys.ignore",
        "userDefined": true
      },
      {
        "text": " prévisions météo pour ",
        "userDefined": false
      },
      {
        "text": "la",
        "meta": "@sys.ignore",
        "userDefined": true
      },
      {
        "text": " ",
        "userDefined": false
      },
      {
        "text": "Sarthe",
        "alias": "address",
        "meta": "@sys.location",
        "userDefined": true
      }
    ],
    "isTemplate": false,
    "count": 0,
    "updated": 0
  },
  {
    "id": "989751e4-d19b-44a7-b5ae-078b298c2f2a",
    "data": [
      {
        "text": "je",
        "meta": "@sys.ignore",
        "userDefined": true
      },
      {
        "text": " voudrais ",
        "userDefined": false
      },
      {
        "text": "savoir",
        "meta": "@sys.ignore",
        "userDefined": true
      },
      {
        "text": " ",
        "userDefined": false
      },
      {
        "text": "le temps",
        "meta": "@sys.ignore",
        "userDefined": true
      },
      {
        "text": " qu\u0027",
        "userDefined": false
      },
      {
        "text": "il",
        "meta": "@sys.ignore",
        "userDefined": true
      },
      {
        "text": " fait à ",
        "userDefined": false
      },
      {
        "text": "Lescar",
        "alias": "address",
        "meta": "@sys.location",
        "userDefined": true
      }
    ],
    "isTemplate": false,
    "count": 0,
    "updated": 0
  },
  {
    "id": "ec55cc62-aad4-4323-8819-e1e40f2fb531",
    "data": [
      {
        "text": "le temps",
        "meta": "@sys.ignore",
        "userDefined": true
      },
      {
        "text": " sur ",
        "userDefined": false
      },
      {
        "text": "Paris",
        "alias": "address",
        "meta": "@sys.location",
        "userDefined": true
      }
    ],
    "isTemplate": false,
    "count": 1,
    "updated": 0
  },
  {
    "id": "0dec8dd1-8876-48fc-936a-da372174cc82",
    "data": [
      {
        "text": "quel ",
        "userDefined": false
      },
      {
        "text": "temps",
        "meta": "@sys.ignore",
        "userDefined": true
      },
      {
        "text": " ",
        "userDefined": false
      },
      {
        "text": "est",
        "meta": "@sys.ignore",
        "userDefined": true
      },
      {
        "text": " prévu ",
        "userDefined": false
      },
      {
        "text": "aujourd\u0027hui",
        "alias": "date-time",
        "meta": "@sys.date-time",
        "userDefined": true
      }
    ],
    "isTemplate": false,
    "count": 2,
    "updated": 0
  },
  {
    "id": "5b13c05f-6cdc-43e0-90b1-6c0095c47df0",
    "data": [
      {
        "text": "bonjour",
        "meta": "@sys.ignore",
        "userDefined": true
      },
      {
        "text": " ",
        "userDefined": false
      },
      {
        "text": "la",
        "meta": "@sys.ignore",
        "userDefined": true
      },
      {
        "text": " meteo ",
        "userDefined": false
      },
      {
        "text": "sur",
        "meta": "@sys.ignore",
        "userDefined": true
      },
      {
        "text": " ",
        "userDefined": false
      },
      {
        "text": "Reims",
        "alias": "address",
        "meta": "@sys.location",
        "userDefined": true
      },
      {
        "text": " ",
        "userDefined": false
      },
      {
        "text": "cette semaine",
        "meta": "@sys.ignore",
        "userDefined": true
      }
    ],
    "isTemplate": false,
    "count": 0,
    "updated": 0
  },
  {
    "id": "43114832-de7c-4aaa-895f-1681a8780137",
    "data": [
      {
        "text": "le temps",
        "meta": "@sys.ignore",
        "userDefined": true
      },
      {
        "text": " ",
        "userDefined": false
      },
      {
        "text": "sur",
        "meta": "@sys.ignore",
        "userDefined": true
      },
      {
        "text": " ",
        "userDefined": false
      },
      {
        "text": "Nancy",
        "alias": "address",
        "meta": "@sys.location",
        "userDefined": true
      }
    ],
    "isTemplate": false,
    "count": 0,
    "updated": 0
  },
  {
    "id": "81079a72-e12c-4940-8843-bc52f74dea3b",
    "data": [
      {
        "text": "la",
        "meta": "@sys.ignore",
        "userDefined": true
      },
      {
        "text": " météo pour ",
        "userDefined": false
      },
      {
        "text": "Alger",
        "alias": "address",
        "meta": "@sys.location",
        "userDefined": true
      },
      {
        "text": " ",
        "userDefined": false
      },
      {
        "text": "aujourd\u0027hui",
        "alias": "date-time",
        "meta": "@sys.date-time",
        "userDefined": true
      }
    ],
    "isTemplate": false,
    "count": 0,
    "updated": 0
  },
  {
    "id": "dcfdadb7-fbf9-405a-8ddb-2ed2f35a3087",
    "data": [
      {
        "text": "quelle ",
        "userDefined": false
      },
      {
        "text": "est",
        "meta": "@sys.ignore",
        "userDefined": true
      },
      {
        "text": " ",
        "userDefined": false
      },
      {
        "text": "la",
        "meta": "@sys.ignore",
        "userDefined": true
      },
      {
        "text": " météo pour ",
        "userDefined": false
      },
      {
        "text": "aujourd\u0027hui",
        "alias": "date-time",
        "meta": "@sys.date-time",
        "userDefined": true
      },
      {
        "text": " ",
        "userDefined": false
      },
      {
        "text": "sur",
        "meta": "@sys.ignore",
        "userDefined": true
      },
      {
        "text": " ",
        "userDefined": false
      },
      {
        "text": "la",
        "meta": "@sys.ignore",
        "userDefined": true
      },
      {
        "text": " ville ",
        "userDefined": false
      },
      {
        "text": "de",
        "meta": "@sys.ignore",
        "userDefined": true
      },
      {
        "text": " ",
        "userDefined": false
      },
      {
        "text": "Troyes",
        "alias": "address",
        "meta": "@sys.location",
        "userDefined": true
      }
    ],
    "isTemplate": false,
    "count": 0,
    "updated": 0
  },
  {
    "id": "3437b91b-a25e-49af-a4c4-a556877fe0ad",
    "data": [
      {
        "text": "météo ",
        "userDefined": false
      },
      {
        "text": "de",
        "meta": "@sys.ignore",
        "userDefined": true
      },
      {
        "text": " ",
        "userDefined": false
      },
      {
        "text": "Tours",
        "alias": "address",
        "meta": "@sys.location",
        "userDefined": true
      }
    ],
    "isTemplate": false,
    "count": 0,
    "updated": 0
  }
]