[
  {
    "id": "23822eea-c873-4cd2-bcd6-e1afc662efd5",
    "data": [
      {
        "text": "sur",
        "meta": "@sys.ignore",
        "userDefined": false
      },
      {
        "text": " ",
        "userDefined": false
      },
      {
        "text": "Nantes",
        "alias": "address",
        "meta": "@sys.location",
        "userDefined": false
      }
    ],
    "isTemplate": false,
    "count": 0,
    "updated": 0
  },
  {
    "id": "a08634d4-0770-4daa-973f-b3dcf58fa95e",
    "data": [
      {
        "text": "et",
        "meta": "@sys.ignore",
        "userDefined": false
      },
      {
        "text": " à ",
        "userDefined": false
      },
      {
        "text": "Londres",
        "alias": "address",
        "meta": "@sys.location",
        "userDefined": false
      }
    ],
    "isTemplate": false,
    "count": 0,
    "updated": 0
  },
  {
    "id": "4e40979b-6713-4de3-9c63-d5b288edb64b",
    "data": [
      {
        "text": "et à ",
        "userDefined": false
      },
      {
        "text": "Marseille",
        "alias": "address",
        "meta": "@sys.location",
        "userDefined": false
      },
      {
        "text": " aussi",
        "userDefined": false
      }
    ],
    "isTemplate": false,
    "count": 0,
    "updated": 0
  },
  {
    "id": "b1b5b162-8d88-4460-b95a-4459ce5d7847",
    "data": [
      {
        "text": "et à ",
        "userDefined": false
      },
      {
        "text": "Montpellier",
        "alias": "address",
        "meta": "@sys.location",
        "userDefined": true
      }
    ],
    "isTemplate": false,
    "count": 0,
    "updated": 0
  },
  {
    "id": "f8aa521e-c2e2-4c39-a8ac-dbc800d35048",
    "data": [
      {
        "text": "à ",
        "userDefined": false
      },
      {
        "text": "Orléans",
        "alias": "address",
        "meta": "@sys.location",
        "userDefined": false
      }
    ],
    "isTemplate": false,
    "count": 0,
    "updated": 0
  }
]