[
  {
    "id": "6cc907b9-39d8-463b-8548-eec63e07f5bf",
    "data": [
      {
        "text": "e ",
        "userDefined": false
      },
      {
        "text": "guarda-chuva",
        "alias": "outfit",
        "meta": "@outfit",
        "userDefined": true
      }
    ],
    "isTemplate": false,
    "count": 0,
    "updated": 0
  },
  {
    "id": "e73ea3fe-14f3-4e43-97da-9f334cf7de55",
    "data": [
      {
        "text": "meu ",
        "userDefined": false
      },
      {
        "text": "casaco",
        "alias": "outfit",
        "meta": "@outfit",
        "userDefined": true
      }
    ],
    "isTemplate": false,
    "count": 0,
    "updated": 0
  },
  {
    "id": "2afe1146-06f8-4fe7-9899-6f58e6347b0a",
    "data": [
      {
        "text": "capa de chuva",
        "alias": "outfit",
        "meta": "@outfit",
        "userDefined": true
      }
    ],
    "isTemplate": false,
    "count": 0,
    "updated": 0
  },
  {
    "id": "e175e204-6327-4f95-ade2-73400b718313",
    "data": [
      {
        "text": "e ",
        "userDefined": false
      },
      {
        "text": "óculos de sol",
        "alias": "outfit",
        "meta": "@outfit",
        "userDefined": true
      }
    ],
    "isTemplate": false,
    "count": 0,
    "updated": 0
  },
  {
    "id": "a4e74bbe-9ab8-49e0-b6db-945b793f8588",
    "data": [
      {
        "text": "e ",
        "userDefined": false
      },
      {
        "text": "casaco de chuva",
        "alias": "outfit",
        "meta": "@outfit",
        "userDefined": true
      }
    ],
    "isTemplate": false,
    "count": 0,
    "updated": 0
  },
  {
    "id": "63334ca7-5965-43c7-8424-df7ad4cffcdd",
    "data": [
      {
        "text": "e ",
        "userDefined": false
      },
      {
        "text": "capa de chuva",
        "alias": "outfit",
        "meta": "@outfit",
        "userDefined": true
      }
    ],
    "isTemplate": false,
    "count": 0,
    "updated": 0
  },
  {
    "id": "24a9fe31-bfa3-4a1a-bb34-a9d68e222b3d",
    "data": [
      {
        "text": "e quanto à minha ",
        "userDefined": false
      },
      {
        "text": "capa de chuva",
        "alias": "outfit",
        "meta": "@outfit",
        "userDefined": true
      }
    ],
    "isTemplate": false,
    "count": 0,
    "updated": 0
  },
  {
    "id": "828fc46b-0022-4eaa-9ddb-8b7d9cd48c83",
    "data": [
      {
        "text": "e meu ",
        "userDefined": false
      },
      {
        "text": "guarda-chuva",
        "alias": "outfit",
        "meta": "@outfit",
        "userDefined": true
      }
    ],
    "isTemplate": false,
    "count": 0,
    "updated": 0
  }
]