[
  {
    "id": "6cf1774a-659e-4fce-a179-937e35a14e85",
    "data": [
      {
        "text": "hoje está um dia ",
        "userDefined": false
      },
      {
        "text": "quente",
        "alias": "temperature",
        "meta": "@temperature",
        "userDefined": true
      }
    ],
    "isTemplate": false,
    "count": 0,
    "updated": 0
  },
  {
    "id": "ba3dcef9-7206-4c0b-b9cd-28e58c1d431e",
    "data": [
      {
        "text": "está ",
        "userDefined": false
      },
      {
        "text": "frio",
        "alias": "temperature",
        "meta": "@temperature",
        "userDefined": true
      },
      {
        "text": " em ",
        "userDefined": false
      },
      {
        "text": "Nova Iorque",
        "alias": "address",
        "meta": "@sys.location",
        "userDefined": true
      }
    ],
    "isTemplate": false,
    "count": 0,
    "updated": 0
  },
  {
    "id": "abfd7166-4945-4ceb-b894-cb0751405ffb",
    "data": [
      {
        "text": "temperatura em ",
        "userDefined": false
      },
      {
        "text": "Banguecoque",
        "alias": "address",
        "meta": "@sys.location",
        "userDefined": true
      }
    ],
    "isTemplate": false,
    "count": 0,
    "updated": 0
  },
  {
    "id": "8bec9220-a884-4d88-a906-2108c8574b05",
    "data": [
      {
        "text": "qual é a temperatura para ",
        "userDefined": false
      },
      {
        "text": "amanhã",
        "alias": "date-time",
        "meta": "@sys.date-time",
        "userDefined": true
      },
      {
        "text": " em ",
        "userDefined": false
      },
      {
        "text": "Camberra",
        "alias": "address",
        "meta": "@sys.location",
        "userDefined": true
      }
    ],
    "isTemplate": false,
    "count": 0,
    "updated": 0
  },
  {
    "id": "96525164-e07c-4f6c-9f81-ef78e5bc4513",
    "data": [
      {
        "text": "qual é a temperatura para ",
        "userDefined": false
      },
      {
        "text": "amanhã",
        "alias": "date-time",
        "meta": "@sys.date-time",
        "userDefined": true
      },
      {
        "text": " em ",
        "userDefined": false
      },
      {
        "text": "Campbell",
        "alias": "address",
        "meta": "@sys.location",
        "userDefined": true
      }
    ],
    "isTemplate": false,
    "count": 0,
    "updated": 0
  },
  {
    "id": "ea9f7d28-37e1-479e-a281-1571ffc0a5b1",
    "data": [
      {
        "text": "está ",
        "userDefined": false
      },
      {
        "text": "ameno",
        "alias": "temperature",
        "meta": "@temperature",
        "userDefined": true
      },
      {
        "text": " em ",
        "userDefined": false
      },
      {
        "text": "Nova Iorque",
        "alias": "address",
        "meta": "@sys.location",
        "userDefined": true
      }
    ],
    "isTemplate": false,
    "count": 0,
    "updated": 0
  },
  {
    "id": "cff3e9f9-089a-45b2-b9c8-6a2cd61d4f24",
    "data": [
      {
        "text": "mostrar-me a temperatura em ",
        "userDefined": false
      },
      {
        "text": "Paris",
        "alias": "address",
        "meta": "@sys.location",
        "userDefined": true
      },
      {
        "text": " em ",
        "userDefined": false
      },
      {
        "text": "Fahrenheit",
        "alias": "unit",
        "meta": "@unit-temperature",
        "userDefined": true
      }
    ],
    "isTemplate": false,
    "count": 0,
    "updated": 0
  },
  {
    "id": "459bd593-2047-4d89-a5b7-e751a9bedb91",
    "data": [
      {
        "text": "está ",
        "userDefined": false
      },
      {
        "text": "quente",
        "alias": "temperature",
        "meta": "@temperature",
        "userDefined": true
      },
      {
        "text": " em ",
        "userDefined": false
      },
      {
        "text": "Nova Iorque",
        "alias": "address",
        "meta": "@sys.location",
        "userDefined": true
      }
    ],
    "isTemplate": false,
    "count": 0,
    "updated": 0
  },
  {
    "id": "0dd61404-6eaa-4d99-8113-0834b1a7393c",
    "data": [
      {
        "text": "temperatura",
        "userDefined": false
      }
    ],
    "isTemplate": false,
    "count": 0,
    "updated": 0
  },
  {
    "id": "b6853850-d882-4d87-9e31-7626ead5af83",
    "data": [
      {
        "text": "sabe se está ",
        "userDefined": false
      },
      {
        "text": "frio",
        "alias": "temperature",
        "meta": "@temperature",
        "userDefined": true
      },
      {
        "text": " lá fora agora",
        "userDefined": false
      }
    ],
    "isTemplate": false,
    "count": 0,
    "updated": 0
  },
  {
    "id": "dd8bbbb7-15e2-4c61-a163-4de65c4e8ec8",
    "data": [
      {
        "text": "quão ",
        "userDefined": false
      },
      {
        "text": "frio",
        "alias": "temperature",
        "meta": "@temperature",
        "userDefined": true
      },
      {
        "text": " vai estar ",
        "userDefined": false
      },
      {
        "text": "neste domingo",
        "alias": "date-time",
        "meta": "@sys.date-time",
        "userDefined": true
      },
      {
        "text": " em ",
        "userDefined": false
      },
      {
        "text": "Mountain View",
        "alias": "address",
        "meta": "@sys.location",
        "userDefined": true
      }
    ],
    "isTemplate": false,
    "count": 0,
    "updated": 0
  }
]