[
  {
    "id": "dfbc66f2-3f7e-47ce-8779-89c8ecb01f13",
    "data": [
      {
        "text": "還要",
        "userDefined": false
      },
      {
        "text": "滑雪",
        "alias": "activity",
        "meta": "@activity",
        "userDefined": false
      }
    ],
    "isTemplate": false,
    "count": 0,
    "updated": 0
  },
  {
    "id": "4364b73b-88f0-4b3d-b634-ccc387494688",
    "data": [
      {
        "text": "還能不能",
        "userDefined": false
      },
      {
        "text": "打雪仗",
        "alias": "activity",
        "meta": "@activity",
        "userDefined": false
      }
    ],
    "isTemplate": false,
    "count": 0,
    "updated": 0
  },
  {
    "id": "c48e7fc6-778a-4792-a5ab-e4a590d1c429",
    "data": [
      {
        "text": "現在",
        "userDefined": false
      },
      {
        "text": "沖浪",
        "alias": "activity",
        "meta": "@activity",
        "userDefined": false
      }
    ],
    "isTemplate": false,
    "count": 0,
    "updated": 0
  },
  {
    "id": "e62eb91f-9f66-4c90-b67d-d20b5624438e",
    "data": [
      {
        "text": "關",
        "meta": "@sys.ignore",
        "userDefined": false
      },
      {
        "text": "于",
        "userDefined": false
      },
      {
        "text": "步行",
        "alias": "activity",
        "meta": "@activity",
        "userDefined": false
      }
    ],
    "isTemplate": false,
    "count": 0,
    "updated": 0
  },
  {
    "id": "2210de49-ea8b-45ae-ae5f-d089baf95edb",
    "data": [
      {
        "text": "我還很想",
        "userDefined": false
      },
      {
        "text": "跑步",
        "alias": "activity",
        "meta": "@activity",
        "userDefined": false
      }
    ],
    "isTemplate": false,
    "count": 0,
    "updated": 0
  },
  {
    "id": "06610072-30ad-410d-8423-964f7e886717",
    "data": [
      {
        "text": "會不會",
        "userDefined": false
      },
      {
        "text": "遊泳",
        "alias": "activity",
        "meta": "@activity",
        "userDefined": false
      }
    ],
    "isTemplate": false,
    "count": 0,
    "updated": 0
  },
  {
    "id": "d9d9893a-48aa-4013-b4f5-ecb17ccbca88",
    "data": [
      {
        "text": "怎麽能",
        "userDefined": false
      },
      {
        "text": "滑翔傘",
        "alias": "activity",
        "meta": "@activity",
        "userDefined": false
      }
    ],
    "isTemplate": false,
    "count": 0,
    "updated": 0
  },
  {
    "id": "ae1979f1-98cc-4870-93a8-6b7ea7b44cd8",
    "data": [
      {
        "text": "還需要",
        "userDefined": false
      },
      {
        "text": "自行車",
        "alias": "activity",
        "meta": "@activity",
        "userDefined": false
      }
    ],
    "isTemplate": false,
    "count": 0,
    "updated": 0
  },
  {
    "id": "fc688d94-07e8-47d5-a912-a7b3242c6d85",
    "data": [
      {
        "text": "能不能",
        "userDefined": false
      },
      {
        "text": "攀登",
        "alias": "activity",
        "meta": "@activity",
        "userDefined": false
      }
    ],
    "isTemplate": false,
    "count": 0,
    "updated": 0
  },
  {
    "id": "b9a10859-570d-4863-afb6-3f27c56a135c",
    "data": [
      {
        "text": "我還要",
        "userDefined": false
      },
      {
        "text": "單板滑雪",
        "alias": "activity",
        "meta": "@activity",
        "userDefined": false
      }
    ],
    "isTemplate": false,
    "count": 0,
    "updated": 0
  }
]