[
  {
    "id": "e88b3fd9-ff6f-40cd-9ab5-9b024c68d3fd",
    "data": [
      {
        "text": "me pongo ",
        "userDefined": false
      },
      {
        "text": "chaqueta",
        "alias": "outfit",
        "meta": "@outfit",
        "userDefined": true
      },
      {
        "text": " ",
        "userDefined": false
      },
      {
        "text": "hoy",
        "alias": "date-time",
        "meta": "@sys.date-time",
        "userDefined": true
      }
    ],
    "isTemplate": false,
    "count": 0,
    "updated": 0
  },
  {
    "id": "63cfc92f-21cb-4c5e-87db-53429041a9db",
    "data": [
      {
        "text": "voy a ",
        "userDefined": false
      },
      {
        "text": "Londres",
        "alias": "address",
        "meta": "@sys.location",
        "userDefined": true
      },
      {
        "text": " necesito llevar ",
        "userDefined": false
      },
      {
        "text": "paraguas",
        "alias": "outfit",
        "meta": "@outfit",
        "userDefined": true
      }
    ],
    "isTemplate": false,
    "count": 0,
    "updated": 0
  },
  {
    "id": "754bdb6f-346f-4f46-879c-19f1ae5b765c",
    "data": [
      {
        "text": "podrías decirme ",
        "userDefined": false
      },
      {
        "text": "si",
        "meta": "@sys.ignore",
        "userDefined": true
      },
      {
        "text": " ",
        "userDefined": false
      },
      {
        "text": "voy",
        "meta": "@sys.ignore",
        "userDefined": true
      },
      {
        "text": " a necesitar ",
        "userDefined": false
      },
      {
        "text": "abrigo",
        "alias": "outfit",
        "meta": "@outfit",
        "userDefined": true
      },
      {
        "text": " en ",
        "userDefined": false
      },
      {
        "text": "París",
        "alias": "address",
        "meta": "@sys.location",
        "userDefined": true
      },
      {
        "text": " el ",
        "userDefined": false
      },
      {
        "text": "13 de noviembre",
        "alias": "date-time",
        "meta": "@sys.date-time",
        "userDefined": true
      }
    ],
    "isTemplate": false,
    "count": 0,
    "updated": 0
  },
  {
    "id": "db8e5904-6c45-4274-a630-eb72207e880e",
    "data": [
      {
        "text": "quiero que me digas si necesitaré ",
        "userDefined": false
      },
      {
        "text": "suéter",
        "alias": "outfit",
        "meta": "@outfit",
        "userDefined": true
      },
      {
        "text": " en ",
        "userDefined": false
      },
      {
        "text": "Moscú",
        "alias": "address",
        "meta": "@sys.location",
        "userDefined": true
      }
    ],
    "isTemplate": false,
    "count": 0,
    "updated": 0
  },
  {
    "id": "a4448c5d-ba76-405f-b884-422d01adb2fc",
    "data": [
      {
        "text": "dime si se necesita ",
        "userDefined": false
      },
      {
        "text": "abrigo",
        "alias": "outfit",
        "meta": "@outfit",
        "userDefined": true
      },
      {
        "text": " para salir por ",
        "userDefined": false
      },
      {
        "text": "Murcia",
        "alias": "address",
        "meta": "@sys.location",
        "userDefined": true
      },
      {
        "text": " ",
        "userDefined": false
      },
      {
        "text": "hoy",
        "alias": "date-time",
        "meta": "@sys.date-time",
        "userDefined": true
      }
    ],
    "isTemplate": false,
    "count": 0,
    "updated": 0
  },
  {
    "id": "91d365bd-8232-40ef-ae7c-b76360493f59",
    "data": [
      {
        "text": "quisiera saber si necesito ",
        "userDefined": false
      },
      {
        "text": "gafas de sol",
        "alias": "outfit",
        "meta": "@outfit",
        "userDefined": true
      },
      {
        "text": " para salir",
        "userDefined": false
      }
    ],
    "isTemplate": false,
    "count": 0,
    "updated": 0
  },
  {
    "id": "a02e5d45-1c41-415c-9bea-8b5b19e1ad4f",
    "data": [
      {
        "text": "necesitaré ",
        "userDefined": false
      },
      {
        "text": "paraguas",
        "alias": "outfit",
        "meta": "@outfit",
        "userDefined": true
      }
    ],
    "isTemplate": false,
    "count": 0,
    "updated": 0
  },
  {
    "id": "545e5206-3e66-4e58-8ba8-ac4880936b21",
    "data": [
      {
        "text": "me hace falta un ",
        "userDefined": false
      },
      {
        "text": "suéter",
        "alias": "outfit",
        "meta": "@outfit",
        "userDefined": true
      },
      {
        "text": " para ir a caminar",
        "userDefined": false
      }
    ],
    "isTemplate": false,
    "count": 0,
    "updated": 0
  },
  {
    "id": "3c501feb-b842-468d-96c3-e3e7cae4c297",
    "data": [
      {
        "text": "necesitaré ",
        "userDefined": false
      },
      {
        "text": "paraguas",
        "alias": "outfit",
        "meta": "@outfit",
        "userDefined": true
      },
      {
        "text": " ",
        "userDefined": false
      },
      {
        "text": "mañana",
        "alias": "date-time",
        "meta": "@sys.date-time",
        "userDefined": true
      },
      {
        "text": " en ",
        "userDefined": false
      },
      {
        "text": "Londres",
        "alias": "address",
        "meta": "@sys.location",
        "userDefined": true
      }
    ],
    "isTemplate": false,
    "count": 0,
    "updated": 0
  },
  {
    "id": "a842171a-0007-4a7a-8255-e4285311b6db",
    "data": [
      {
        "text": "quiero saber si necesitaré ",
        "userDefined": false
      },
      {
        "text": "abrigo",
        "alias": "outfit",
        "meta": "@outfit",
        "userDefined": true
      },
      {
        "text": " al salir ",
        "userDefined": false
      },
      {
        "text": "por la tarde",
        "alias": "date-time",
        "meta": "@sys.date-time",
        "userDefined": true
      }
    ],
    "isTemplate": false,
    "count": 0,
    "updated": 0
  },
  {
    "id": "555b681c-2842-4a39-b50e-fcbd4ae74c34",
    "data": [
      {
        "text": "puedo salir sin ",
        "userDefined": false
      },
      {
        "text": "suéter",
        "alias": "outfit",
        "meta": "@outfit",
        "userDefined": true
      }
    ],
    "isTemplate": false,
    "count": 0,
    "updated": 0
  },
  {
    "id": "eff3edf1-e6fb-4d35-9df9-b30deb05e32d",
    "data": [
      {
        "text": "me pongo ",
        "userDefined": false
      },
      {
        "text": "chaqueta",
        "alias": "outfit",
        "meta": "@outfit",
        "userDefined": true
      }
    ],
    "isTemplate": false,
    "count": 0,
    "updated": 0
  },
  {
    "id": "a227cab1-6382-4b75-b89d-da6f682bf07a",
    "data": [
      {
        "text": "dime si necesito ",
        "userDefined": false
      },
      {
        "text": "chamarra",
        "alias": "outfit",
        "meta": "@outfit",
        "userDefined": true
      },
      {
        "text": " afuera",
        "userDefined": false
      }
    ],
    "isTemplate": false,
    "count": 0,
    "updated": 0
  },
  {
    "id": "20d4fb2e-f218-4ac8-83a4-0b0371591b1a",
    "data": [
      {
        "text": "necesitaría ",
        "userDefined": false
      },
      {
        "text": "gafas de sol",
        "alias": "outfit",
        "meta": "@outfit",
        "userDefined": true
      },
      {
        "text": " en ",
        "userDefined": false
      },
      {
        "text": "Valencia",
        "alias": "address",
        "meta": "@sys.location",
        "userDefined": true
      },
      {
        "text": " ",
        "userDefined": false
      },
      {
        "text": "hoy",
        "alias": "date-time",
        "meta": "@sys.date-time",
        "userDefined": true
      }
    ],
    "isTemplate": false,
    "count": 0,
    "updated": 0
  },
  {
    "id": "348e9919-41ff-4f12-a20f-111781d3b2be",
    "data": [
      {
        "text": "podría salir sin un ",
        "userDefined": false
      },
      {
        "text": "abrigo",
        "alias": "outfit",
        "meta": "@outfit",
        "userDefined": true
      }
    ],
    "isTemplate": false,
    "count": 0,
    "updated": 0
  },
  {
    "id": "26084aec-8bea-4ef5-b357-137da65ee7f7",
    "data": [
      {
        "text": "me será necesario un ",
        "userDefined": false
      },
      {
        "text": "paraguas",
        "alias": "outfit",
        "meta": "@outfit",
        "userDefined": true
      },
      {
        "text": " afuera",
        "userDefined": false
      }
    ],
    "isTemplate": false,
    "count": 0,
    "updated": 0
  },
  {
    "id": "2ed47636-dd7e-4c81-9d36-3e37228bed93",
    "data": [
      {
        "text": "tendré que llevar una ",
        "userDefined": false
      },
      {
        "text": "chaqueta",
        "alias": "outfit",
        "meta": "@outfit",
        "userDefined": true
      }
    ],
    "isTemplate": false,
    "count": 0,
    "updated": 0
  },
  {
    "id": "72729b36-bd94-4b9f-9319-6586c2a46b38",
    "data": [
      {
        "text": "a las ",
        "userDefined": false
      },
      {
        "text": "6 de la tarde",
        "alias": "date-time",
        "meta": "@sys.date-time",
        "userDefined": true
      },
      {
        "text": " será necesario un ",
        "userDefined": false
      },
      {
        "text": "paraguas",
        "alias": "outfit",
        "meta": "@outfit",
        "userDefined": true
      },
      {
        "text": " en ",
        "userDefined": false
      },
      {
        "text": "Madrid",
        "alias": "address",
        "meta": "@sys.location",
        "userDefined": true
      }
    ],
    "isTemplate": false,
    "count": 0,
    "updated": 0
  },
  {
    "id": "4be10256-23f2-4340-a1db-cbe4005a89d0",
    "data": [
      {
        "text": "me hará falta un ",
        "userDefined": false
      },
      {
        "text": "abrigo",
        "alias": "outfit",
        "meta": "@outfit",
        "userDefined": true
      },
      {
        "text": " afuera",
        "userDefined": false
      }
    ],
    "isTemplate": false,
    "count": 0,
    "updated": 0
  },
  {
    "id": "26a98fdb-5e38-428e-932b-45af7a6cde31",
    "data": [
      {
        "text": "tengo que llevarme una ",
        "userDefined": false
      },
      {
        "text": "chamarra",
        "alias": "outfit",
        "meta": "@outfit",
        "userDefined": true
      }
    ],
    "isTemplate": false,
    "count": 0,
    "updated": 0
  },
  {
    "id": "894740b1-fab4-45b1-8496-3f0542280dea",
    "data": [
      {
        "text": "necesito ",
        "userDefined": false
      },
      {
        "text": "paraguas",
        "alias": "outfit",
        "meta": "@outfit",
        "userDefined": true
      },
      {
        "text": " para salir ",
        "userDefined": false
      },
      {
        "text": "por la tarde",
        "alias": "date-time",
        "meta": "@sys.date-time",
        "userDefined": true
      },
      {
        "text": " en ",
        "userDefined": false
      },
      {
        "text": "Miami",
        "alias": "address",
        "meta": "@sys.location",
        "userDefined": true
      }
    ],
    "isTemplate": false,
    "count": 0,
    "updated": 0
  },
  {
    "id": "3fedbd78-cdc7-49f2-8a59-497c22a1f91c",
    "data": [
      {
        "text": "necesito un ",
        "userDefined": false
      },
      {
        "text": "abrigo",
        "alias": "outfit",
        "meta": "@outfit",
        "userDefined": true
      },
      {
        "text": " para salir",
        "userDefined": false
      }
    ],
    "isTemplate": false,
    "count": 0,
    "updated": 0
  },
  {
    "id": "1fa8ece5-015c-4606-8842-22082de69429",
    "data": [
      {
        "text": "avisame si debo salir con ",
        "userDefined": false
      },
      {
        "text": "paraguas",
        "alias": "outfit",
        "meta": "@outfit",
        "userDefined": true
      }
    ],
    "isTemplate": false,
    "count": 0,
    "updated": 0
  },
  {
    "id": "2bf8e6aa-6b65-4b30-9aa3-05122a8919fc",
    "data": [
      {
        "text": "necesitaré un ",
        "userDefined": false
      },
      {
        "text": "paraguas",
        "alias": "outfit",
        "meta": "@outfit",
        "userDefined": true
      },
      {
        "text": " el ",
        "userDefined": false
      },
      {
        "text": "próximo viernes",
        "alias": "date-time",
        "meta": "@sys.date-time",
        "userDefined": true
      },
      {
        "text": " en ",
        "userDefined": false
      },
      {
        "text": "París",
        "alias": "address",
        "meta": "@sys.location",
        "userDefined": true
      }
    ],
    "isTemplate": false,
    "count": 0,
    "updated": 0
  },
  {
    "id": "90be80fc-b8b5-41f6-98f1-a394d56ea8cf",
    "data": [
      {
        "text": "necesito ",
        "userDefined": false
      },
      {
        "text": "abrigo",
        "alias": "outfit",
        "meta": "@outfit",
        "userDefined": true
      },
      {
        "text": " para salir ahora en ",
        "userDefined": false
      },
      {
        "text": "Barcelona",
        "alias": "address",
        "meta": "@sys.location",
        "userDefined": true
      }
    ],
    "isTemplate": false,
    "count": 0,
    "updated": 0
  },
  {
    "id": "f1059649-e01a-4a40-9f85-59dc38c23c1f",
    "data": [
      {
        "text": "no sé si debo llevar el ",
        "userDefined": false
      },
      {
        "text": "paraguas",
        "alias": "outfit",
        "meta": "@outfit",
        "userDefined": true
      }
    ],
    "isTemplate": false,
    "count": 0,
    "updated": 0
  },
  {
    "id": "576c0dfe-6c79-4f5b-ae6c-c22e9df20e8f",
    "data": [
      {
        "text": "me dices si necesito ",
        "userDefined": false
      },
      {
        "text": "abrigo",
        "alias": "outfit",
        "meta": "@outfit",
        "userDefined": true
      },
      {
        "text": " para salir",
        "userDefined": false
      }
    ],
    "isTemplate": false,
    "count": 0,
    "updated": 0
  },
  {
    "id": "7f76e83b-261e-44bc-91cf-7d2532d40ae2",
    "data": [
      {
        "text": "me pongo ",
        "userDefined": false
      },
      {
        "text": "suéter",
        "alias": "outfit",
        "meta": "@outfit",
        "userDefined": true
      },
      {
        "text": " ",
        "userDefined": false
      },
      {
        "text": "mañana",
        "alias": "date-time",
        "meta": "@sys.date-time",
        "userDefined": true
      }
    ],
    "isTemplate": false,
    "count": 0,
    "updated": 0
  }
]