[
  {
    "id": "41d97e8b-3708-469f-a260-b20689975885",
    "data": [
      {
        "text": "et la ",
        "userDefined": false
      },
      {
        "text": "neige",
        "alias": "condition",
        "meta": "@weather-condition",
        "userDefined": true
      }
    ],
    "isTemplate": false,
    "count": 0,
    "updated": 0
  },
  {
    "id": "40d2e8f7-087b-4342-905d-11cea9d4a9d5",
    "data": [
      {
        "text": "du ",
        "userDefined": false
      },
      {
        "text": "soleil",
        "alias": "condition",
        "meta": "@weather-condition",
        "userDefined": true
      }
    ],
    "isTemplate": false,
    "count": 0,
    "updated": 0
  },
  {
    "id": "dc491f2b-ddbe-401f-b8d0-c40c4c412755",
    "data": [
      {
        "text": "la ",
        "userDefined": false
      },
      {
        "text": "pluie",
        "alias": "condition",
        "meta": "@weather-condition",
        "userDefined": true
      }
    ],
    "isTemplate": false,
    "count": 0,
    "updated": 0
  }
]