[
  {
    "id": "1bb9a819-c819-45f9-800c-b88e36418309",
    "data": [
      {
        "text": "gibt es dort ",
        "userDefined": false
      },
      {
        "text": "Sonnenschein",
        "alias": "condition",
        "meta": "@weather-condition",
        "userDefined": true
      }
    ],
    "isTemplate": false,
    "count": 0,
    "updated": 0
  },
  {
    "id": "99032d35-b8cd-49fd-8a5f-a0ee5a0d686a",
    "data": [
      {
        "text": "muss ich mit ",
        "userDefined": false
      },
      {
        "text": "Regen",
        "alias": "condition",
        "meta": "@weather-condition",
        "userDefined": false
      },
      {
        "text": " rechnen",
        "userDefined": false
      }
    ],
    "isTemplate": false,
    "count": 0,
    "updated": 0
  },
  {
    "id": "3423d420-c541-4151-9c0e-20c159cdf01f",
    "data": [
      {
        "text": "wie sieht es mit ",
        "userDefined": false
      },
      {
        "text": "Regen",
        "alias": "condition",
        "meta": "@weather-condition",
        "userDefined": true
      },
      {
        "text": " aus",
        "userDefined": false
      }
    ],
    "isTemplate": false,
    "count": 0,
    "updated": 0
  },
  {
    "id": "641dd80b-1b29-4c0c-a86e-bc65dc37b4bd",
    "data": [
      {
        "text": "wird es dort ",
        "userDefined": false
      },
      {
        "text": "regnen",
        "alias": "condition",
        "meta": "@weather-condition",
        "userDefined": false
      }
    ],
    "isTemplate": false,
    "count": 0,
    "updated": 0
  },
  {
    "id": "f5e34899-9a62-4b60-9f66-10810bb5cf8f",
    "data": [
      {
        "text": "wird es dort auch ",
        "userDefined": false
      },
      {
        "text": "schneien",
        "alias": "condition",
        "meta": "@weather-condition",
        "userDefined": false
      }
    ],
    "isTemplate": false,
    "count": 0,
    "updated": 0
  },
  {
    "id": "04f1525e-ac03-4ab2-bbae-679cdcf71038",
    "data": [
      {
        "text": "wird es dort ",
        "userDefined": false
      },
      {
        "text": "Regen",
        "alias": "condition",
        "meta": "@weather-condition",
        "userDefined": false
      },
      {
        "text": " geben",
        "userDefined": false
      }
    ],
    "isTemplate": false,
    "count": 0,
    "updated": 0
  },
  {
    "id": "9f935673-e0f1-4dc1-883b-18ace16e6b47",
    "data": [
      {
        "text": "wird dort die ",
        "userDefined": false
      },
      {
        "text": "Sonne",
        "alias": "condition",
        "meta": "@weather-condition",
        "userDefined": false
      },
      {
        "text": " scheinen",
        "userDefined": false
      }
    ],
    "isTemplate": false,
    "count": 0,
    "updated": 0
  },
  {
    "id": "fcbb125f-bb95-43a4-96ee-b0fdb28e7d87",
    "data": [
      {
        "text": "regnet",
        "alias": "condition",
        "meta": "@weather-condition",
        "userDefined": false
      },
      {
        "text": " es dort",
        "userDefined": false
      }
    ],
    "isTemplate": false,
    "count": 0,
    "updated": 0
  },
  {
    "id": "716b3171-d9aa-46fd-8e20-c51bbe0e14d8",
    "data": [
      {
        "text": "und ",
        "userDefined": false
      },
      {
        "text": "Schnee",
        "alias": "condition",
        "meta": "@weather-condition",
        "userDefined": false
      }
    ],
    "isTemplate": false,
    "count": 0,
    "updated": 0
  },
  {
    "id": "409746c2-0c20-4238-b384-90b93b21c235",
    "data": [
      {
        "text": "wird es dort ",
        "userDefined": false
      },
      {
        "text": "sonnig",
        "alias": "condition",
        "meta": "@weather-condition",
        "userDefined": true
      }
    ],
    "isTemplate": false,
    "count": 0,
    "updated": 0
  }
]