[
  {
    "id": "6e2542a9-1f1c-41ae-8032-701d206f5b8d",
    "data": [
      {
        "text": "di ",
        "userDefined": false
      },
      {
        "text": "settimana prossima",
        "alias": "date-time",
        "meta": "@sys.date-time",
        "userDefined": true
      }
    ],
    "isTemplate": false,
    "count": 0,
    "updated": 0
  },
  {
    "id": "7a1baf92-305c-435c-bc50-5a6bec48958a",
    "data": [
      {
        "text": "per ",
        "userDefined": false
      },
      {
        "text": "domani",
        "alias": "date-time",
        "meta": "@sys.date-time",
        "userDefined": true
      }
    ],
    "isTemplate": false,
    "count": 0,
    "updated": 0
  },
  {
    "id": "460cfa79-4cc2-4c66-b1a8-d8990925172f",
    "data": [
      {
        "text": "e questo ",
        "userDefined": false
      },
      {
        "text": "fine settimana",
        "alias": "date-time",
        "meta": "@sys.date-time",
        "userDefined": true
      }
    ],
    "isTemplate": false,
    "count": 1,
    "updated": 0
  },
  {
    "id": "d70f7748-4dba-425f-a804-4f44ea8b20a1",
    "data": [
      {
        "text": "e anche per ",
        "userDefined": false
      },
      {
        "text": "oggi",
        "alias": "date-time",
        "meta": "@sys.date-time",
        "userDefined": true
      }
    ],
    "isTemplate": false,
    "count": 0,
    "updated": 0
  },
  {
    "id": "88b63cbe-3b86-4d61-be7f-cce7d5594881",
    "data": [
      {
        "text": "pure per ",
        "userDefined": false
      },
      {
        "text": "domani",
        "alias": "date-time",
        "meta": "@sys.date-time",
        "userDefined": true
      }
    ],
    "isTemplate": false,
    "count": 0,
    "updated": 0
  },
  {
    "id": "7a585662-52cf-4312-a38d-000e9be17b04",
    "data": [
      {
        "text": "anche ",
        "userDefined": false
      },
      {
        "text": "oggi",
        "alias": "date-time",
        "meta": "@sys.date-time",
        "userDefined": true
      }
    ],
    "isTemplate": false,
    "count": 0,
    "updated": 0
  },
  {
    "id": "07ebdef9-2fd5-4f34-808b-3a722d0b0d89",
    "data": [
      {
        "text": "e ",
        "userDefined": false
      },
      {
        "text": "sabato",
        "alias": "date-time",
        "meta": "@sys.date-time",
        "userDefined": true
      }
    ],
    "isTemplate": false,
    "count": 0,
    "updated": 0
  },
  {
    "id": "6db7b6c4-ee37-42b1-b2af-0e7cb307ebce",
    "data": [
      {
        "text": "e per ",
        "userDefined": false
      },
      {
        "text": "domani",
        "alias": "date-time",
        "meta": "@sys.date-time",
        "userDefined": true
      }
    ],
    "isTemplate": false,
    "count": 0,
    "updated": 0
  },
  {
    "id": "c402615f-4a05-4240-9c80-4c873877effd",
    "data": [
      {
        "text": "della ",
        "userDefined": false
      },
      {
        "text": "settimana prossima",
        "alias": "date-time",
        "meta": "@sys.date-time",
        "userDefined": true
      }
    ],
    "isTemplate": false,
    "count": 0,
    "updated": 0
  }
]