[
  {
    "id": "b706fe5a-693e-4616-9d89-c1ed51ed9583",
    "data": [
      {
        "text": "а ",
        "userDefined": false
      },
      {
        "text": "снег",
        "alias": "condition",
        "meta": "@weather-condition",
        "userDefined": true
      }
    ],
    "isTemplate": false,
    "count": 0,
    "updated": 0
  },
  {
    "id": "97a9f133-98ce-4a3e-81a2-17eb53fed118",
    "data": [
      {
        "text": "и ",
        "userDefined": false
      },
      {
        "text": "дождь",
        "alias": "condition",
        "meta": "@weather-condition",
        "userDefined": true
      }
    ],
    "isTemplate": false,
    "count": 0,
    "updated": 0
  }
]