[
  {
    "id": "bebaff5a-7d63-47a5-9269-98e6ae77ff60",
    "data": [
      {
        "text": "fait-il beau pour que je puisse porter ",
        "userDefined": false
      },
      {
        "text": "une",
        "meta": "@sys.ignore",
        "userDefined": false
      },
      {
        "text": " ",
        "userDefined": false
      },
      {
        "text": "robe",
        "alias": "outfit",
        "meta": "@outfit",
        "userDefined": false
      },
      {
        "text": " ",
        "userDefined": false
      },
      {
        "text": "aujourd\u0027hui",
        "alias": "date-time",
        "meta": "@sys.date-time",
        "userDefined": false
      }
    ],
    "isTemplate": false,
    "count": 0,
    "updated": 0
  },
  {
    "id": "bc84f643-ec7a-4b84-9074-530a9f702c2f",
    "data": [
      {
        "text": "puis-je mettre un ",
        "userDefined": false
      },
      {
        "text": "short",
        "alias": "outfit",
        "meta": "@outfit",
        "userDefined": false
      },
      {
        "text": " ",
        "userDefined": false
      },
      {
        "text": "aujourd\u0027hui",
        "alias": "date-time",
        "meta": "@sys.date-time",
        "userDefined": false
      },
      {
        "text": " pour ",
        "userDefined": false
      },
      {
        "text": "me",
        "meta": "@sys.ignore",
        "userDefined": false
      },
      {
        "text": " promener à ",
        "userDefined": false
      },
      {
        "text": "Tours",
        "alias": "address",
        "meta": "@sys.location",
        "userDefined": false
      }
    ],
    "isTemplate": false,
    "count": 0,
    "updated": 0
  },
  {
    "id": "f46d7cbd-9b9d-44cd-bc02-f26ce5413a82",
    "data": [
      {
        "text": "dois-je prendre ",
        "userDefined": false
      },
      {
        "text": "un",
        "meta": "@sys.ignore",
        "userDefined": false
      },
      {
        "text": " ",
        "userDefined": false
      },
      {
        "text": "parapluie",
        "alias": "outfit",
        "meta": "@outfit",
        "userDefined": false
      },
      {
        "text": " avec ",
        "userDefined": false
      },
      {
        "text": "moi",
        "meta": "@sys.ignore",
        "userDefined": false
      }
    ],
    "isTemplate": false,
    "count": 0,
    "updated": 0
  },
  {
    "id": "ecad689e-58e9-4d8d-bcdf-2d19c37515d1",
    "data": [
      {
        "text": "est-ce que le temps est bon pour porter ",
        "userDefined": false
      },
      {
        "text": "ma",
        "meta": "@sys.ignore",
        "userDefined": false
      },
      {
        "text": " ",
        "userDefined": false
      },
      {
        "text": "robe",
        "alias": "outfit",
        "meta": "@outfit",
        "userDefined": false
      }
    ],
    "isTemplate": false,
    "count": 0,
    "updated": 0
  },
  {
    "id": "0e52e84a-3e8c-497d-ac4a-e78b63118cc8",
    "data": [
      {
        "text": "faut-il que je prenne mes ",
        "userDefined": false
      },
      {
        "text": "gants",
        "alias": "outfit",
        "meta": "@outfit",
        "userDefined": false
      },
      {
        "text": " pour aller à ",
        "userDefined": false
      },
      {
        "text": "Nantes",
        "alias": "address",
        "meta": "@sys.location",
        "userDefined": false
      }
    ],
    "isTemplate": false,
    "count": 0,
    "updated": 0
  },
  {
    "id": "7f88b0e2-597b-4920-9711-a16cf1d55ccb",
    "data": [
      {
        "text": "fait-il assez ",
        "userDefined": false
      },
      {
        "text": "froid",
        "meta": "@sys.ignore",
        "userDefined": false
      },
      {
        "text": " pour que je puisse mettre ",
        "userDefined": false
      },
      {
        "text": "mon",
        "meta": "@sys.ignore",
        "userDefined": false
      },
      {
        "text": " nouveau ",
        "userDefined": false
      },
      {
        "text": "chapeau",
        "alias": "outfit",
        "meta": "@outfit",
        "userDefined": false
      }
    ],
    "isTemplate": false,
    "count": 0,
    "updated": 0
  },
  {
    "id": "df67dd0c-da12-49ac-9e2b-1f17a096e7a5",
    "data": [
      {
        "text": "est-ce que ",
        "userDefined": false
      },
      {
        "text": "j",
        "meta": "@sys.ignore",
        "userDefined": false
      },
      {
        "text": "\u0027",
        "userDefined": false
      },
      {
        "text": "ai",
        "meta": "@sys.ignore",
        "userDefined": false
      },
      {
        "text": " besoin ",
        "userDefined": false
      },
      {
        "text": "de",
        "meta": "@sys.ignore",
        "userDefined": false
      },
      {
        "text": " mettre ",
        "userDefined": false
      },
      {
        "text": "des",
        "meta": "@sys.ignore",
        "userDefined": false
      },
      {
        "text": " ",
        "userDefined": false
      },
      {
        "text": "gants",
        "alias": "outfit",
        "meta": "@outfit",
        "userDefined": false
      },
      {
        "text": " ",
        "userDefined": false
      },
      {
        "text": "aujourd\u0027hui",
        "alias": "date-time",
        "meta": "@sys.date-time",
        "userDefined": true
      },
      {
        "text": " à ",
        "userDefined": false
      },
      {
        "text": "Paris",
        "alias": "address",
        "meta": "@sys.location",
        "userDefined": false
      }
    ],
    "isTemplate": false,
    "count": 0,
    "updated": 0
  },
  {
    "id": "0484c803-2354-4cf0-9b04-2a40884f6cbc",
    "data": [
      {
        "text": "est-ce qu\u0027",
        "userDefined": false
      },
      {
        "text": "il",
        "meta": "@sys.ignore",
        "userDefined": false
      },
      {
        "text": " faut que je mette ",
        "userDefined": false
      },
      {
        "text": "mon",
        "meta": "@sys.ignore",
        "userDefined": false
      },
      {
        "text": " ",
        "userDefined": false
      },
      {
        "text": "cardigan",
        "alias": "outfit",
        "meta": "@outfit",
        "userDefined": false
      }
    ],
    "isTemplate": false,
    "count": 0,
    "updated": 0
  },
  {
    "id": "e4edb930-e0b8-48a1-994b-2ebea73b1c71",
    "data": [
      {
        "text": "devrais-je prendre mes ",
        "userDefined": false
      },
      {
        "text": "lunettes de soleil",
        "alias": "outfit",
        "meta": "@outfit",
        "userDefined": false
      }
    ],
    "isTemplate": false,
    "count": 0,
    "updated": 0
  },
  {
    "id": "e3fc852b-aab5-47ad-be01-8b47b402320f",
    "data": [
      {
        "text": "faut-il mettre ",
        "userDefined": false
      },
      {
        "text": "ma",
        "meta": "@sys.ignore",
        "userDefined": false
      },
      {
        "text": " ",
        "userDefined": false
      },
      {
        "text": "veste",
        "alias": "outfit",
        "meta": "@outfit",
        "userDefined": false
      },
      {
        "text": " ",
        "userDefined": false
      },
      {
        "text": "demain",
        "alias": "date-time",
        "meta": "@sys.date-time",
        "userDefined": false
      }
    ],
    "isTemplate": false,
    "count": 0,
    "updated": 0
  }
]