[
  {
    "id": "95630ec0-35ad-4707-b1a1-ed9bdbeaa11b",
    "data": [
      {
        "text": "天氣會不會很",
        "userDefined": false
      },
      {
        "text": "熱",
        "alias": "temperature",
        "meta": "@temperature",
        "userDefined": true
      }
    ],
    "isTemplate": false,
    "count": 0,
    "updated": 0
  },
  {
    "id": "385090f2-d92b-4739-b452-cc3e11797962",
    "data": [
      {
        "text": "台南市南區",
        "alias": "address",
        "meta": "@sys.address",
        "userDefined": false
      },
      {
        "text": "幾度",
        "userDefined": false
      }
    ],
    "isTemplate": false,
    "count": 0,
    "updated": 0
  },
  {
    "id": "b2d64dd6-ab9e-4606-9877-1a53da7596a0",
    "data": [
      {
        "text": "台南市南區",
        "alias": "address",
        "meta": "@sys.address",
        "userDefined": false
      },
      {
        "text": "現在幾度",
        "userDefined": false
      }
    ],
    "isTemplate": false,
    "count": 0,
    "updated": 0
  },
  {
    "id": "952be103-0215-424d-89f7-5b10cf3bc799",
    "data": [
      {
        "text": "明天",
        "alias": "date-time",
        "meta": "@sys.date-time",
        "userDefined": true
      },
      {
        "text": "的天氣是不是很",
        "userDefined": false
      },
      {
        "text": "暖",
        "alias": "temperature",
        "meta": "@temperature",
        "userDefined": true
      },
      {
        "text": "嗎",
        "userDefined": false
      }
    ],
    "isTemplate": false,
    "count": 0,
    "updated": 0
  },
  {
    "id": "1da0da6d-18af-4f20-9470-b98e97c14387",
    "data": [
      {
        "text": "就讓你問他",
        "userDefined": false
      },
      {
        "text": "今天",
        "alias": "date-time",
        "meta": "@sys.date-time",
        "userDefined": false
      },
      {
        "text": "天氣幾度",
        "userDefined": false
      }
    ],
    "isTemplate": false,
    "count": 0,
    "updated": 0
  },
  {
    "id": "f3223455-ef67-47d8-b8ea-7efadd13f94e",
    "data": [
      {
        "text": "我最近的天氣是不是很",
        "userDefined": false
      },
      {
        "text": "冷",
        "alias": "temperature",
        "meta": "@temperature",
        "userDefined": false
      }
    ],
    "isTemplate": false,
    "count": 0,
    "updated": 0
  },
  {
    "id": "acab4905-9fce-446a-a2a9-39dcc1811900",
    "data": [
      {
        "text": "天氣是不是很",
        "userDefined": false
      },
      {
        "text": "涼快",
        "alias": "temperature",
        "meta": "@temperature",
        "userDefined": true
      }
    ],
    "isTemplate": false,
    "count": 0,
    "updated": 0
  },
  {
    "id": "043893dd-c264-4446-a64f-656333c6ea80",
    "data": [
      {
        "text": "上海",
        "alias": "address",
        "meta": "@sys.address",
        "userDefined": true
      },
      {
        "text": "多",
        "userDefined": false
      },
      {
        "text": "熱",
        "alias": "temperature",
        "meta": "@temperature",
        "userDefined": true
      }
    ],
    "isTemplate": false,
    "count": 0,
    "updated": 0
  },
  {
    "id": "81ae36c0-5f5f-4d96-8fb2-53a3b33a5135",
    "data": [
      {
        "text": "上海",
        "alias": "address",
        "meta": "@sys.address",
        "userDefined": false
      },
      {
        "text": "啥溫度",
        "userDefined": false
      }
    ],
    "isTemplate": false,
    "count": 0,
    "updated": 0
  },
  {
    "id": "e3973450-de68-4264-affb-c94498fa3116",
    "data": [
      {
        "text": "下星期日",
        "alias": "date-time",
        "meta": "@sys.date-time",
        "userDefined": false
      },
      {
        "text": "馬來西亞",
        "alias": "address",
        "meta": "@sys.address",
        "userDefined": true
      },
      {
        "text": "的天氣會很",
        "userDefined": false
      },
      {
        "text": "熱",
        "alias": "temperature",
        "meta": "@temperature",
        "userDefined": false
      },
      {
        "text": "嗎",
        "userDefined": false
      }
    ],
    "isTemplate": false,
    "count": 0,
    "updated": 0
  },
  {
    "id": "e4f13224-ecfc-47d8-b460-151716bad19c",
    "data": [
      {
        "text": "明天",
        "alias": "date-time",
        "meta": "@sys.date-time",
        "userDefined": false
      },
      {
        "text": "上海",
        "alias": "address",
        "meta": "@sys.address",
        "userDefined": false
      },
      {
        "text": "的溫度如何",
        "userDefined": false
      }
    ],
    "isTemplate": false,
    "count": 0,
    "updated": 0
  },
  {
    "id": "518cf09f-bfc9-46da-8548-d082b7748341",
    "data": [
      {
        "text": "台北市",
        "alias": "address",
        "meta": "@sys.address",
        "userDefined": false
      },
      {
        "text": "溫度",
        "userDefined": false
      }
    ],
    "isTemplate": false,
    "count": 0,
    "updated": 0
  },
  {
    "id": "1a5c2263-34b7-4375-9499-9ff5eeb3d2b7",
    "data": [
      {
        "text": "你知道現在外面",
        "userDefined": false
      },
      {
        "text": "冷",
        "alias": "temperature",
        "meta": "@temperature",
        "userDefined": false
      },
      {
        "text": "不",
        "userDefined": false
      },
      {
        "text": "冷",
        "meta": "@sys.ignore",
        "userDefined": false
      }
    ],
    "isTemplate": false,
    "count": 1,
    "updated": 0
  },
  {
    "id": "6d96b000-c99f-4ec2-bfa0-13e120751425",
    "data": [
      {
        "text": "爲什麽天氣那麽",
        "userDefined": false
      },
      {
        "text": "寒冷",
        "alias": "temperature",
        "meta": "@temperature",
        "userDefined": true
      }
    ],
    "isTemplate": false,
    "count": 0,
    "updated": 0
  },
  {
    "id": "4131ebfe-7e83-4ba7-b48f-2627d22058d1",
    "data": [
      {
        "text": "台北",
        "alias": "address",
        "meta": "@sys.address",
        "userDefined": false
      },
      {
        "text": "溫度",
        "userDefined": false
      }
    ],
    "isTemplate": false,
    "count": 0,
    "updated": 0
  },
  {
    "id": "fd8fc96c-2cbf-4d56-90b6-cf8fdc77f303",
    "data": [
      {
        "text": "明天",
        "alias": "date-time",
        "meta": "@sys.date-time",
        "userDefined": true
      },
      {
        "text": "的天氣會很",
        "userDefined": false
      },
      {
        "text": "溫和",
        "alias": "temperature",
        "meta": "@temperature",
        "userDefined": true
      },
      {
        "text": "嗎",
        "userDefined": false
      }
    ],
    "isTemplate": false,
    "count": 0,
    "updated": 0
  },
  {
    "id": "2cc47b2f-6f54-49dd-8f31-c58e8fd87667",
    "data": [
      {
        "text": "今天",
        "alias": "date-time",
        "meta": "@sys.date-time",
        "userDefined": true
      },
      {
        "text": "天氣很",
        "userDefined": false
      },
      {
        "text": "熱",
        "alias": "temperature",
        "meta": "@temperature",
        "userDefined": true
      },
      {
        "text": "耶",
        "userDefined": false
      }
    ],
    "isTemplate": false,
    "count": 0,
    "updated": 0
  },
  {
    "id": "80363414-88e2-4eb5-a16a-cdb24561e6f9",
    "data": [
      {
        "text": "天氣會很",
        "userDefined": false
      },
      {
        "text": "溫和",
        "alias": "temperature",
        "meta": "@temperature",
        "userDefined": true
      },
      {
        "text": "嗎",
        "userDefined": false
      }
    ],
    "isTemplate": false,
    "count": 0,
    "updated": 0
  },
  {
    "id": "1d2983cb-b884-4811-80bc-a37c5b28da81",
    "data": [
      {
        "text": "爲什麽",
        "userDefined": false
      },
      {
        "text": "下星期一",
        "alias": "date-time",
        "meta": "@sys.date-time",
        "userDefined": false
      },
      {
        "text": "馬來西亞",
        "alias": "address",
        "meta": "@sys.address",
        "userDefined": true
      },
      {
        "text": "天氣那麽",
        "userDefined": false
      },
      {
        "text": "涼快",
        "alias": "temperature",
        "meta": "@temperature",
        "userDefined": false
      }
    ],
    "isTemplate": false,
    "count": 0,
    "updated": 0
  },
  {
    "id": "6f625d00-5e2f-4ec2-a9c8-c58250263f45",
    "data": [
      {
        "text": "今天",
        "alias": "date-time",
        "meta": "@sys.date-time",
        "userDefined": false
      },
      {
        "text": "上海",
        "alias": "address",
        "meta": "@sys.address",
        "userDefined": false
      },
      {
        "text": "的氣溫如何",
        "userDefined": false
      }
    ],
    "isTemplate": false,
    "count": 0,
    "updated": 0
  },
  {
    "id": "daf09c91-320e-4779-b32c-857a17edc749",
    "data": [
      {
        "text": "兩天後",
        "alias": "date-time",
        "meta": "@sys.date-time",
        "userDefined": true
      },
      {
        "text": "的天氣會不會很",
        "userDefined": false
      },
      {
        "text": "寒冷",
        "alias": "temperature",
        "meta": "@temperature",
        "userDefined": true
      },
      {
        "text": "嗎",
        "userDefined": false
      }
    ],
    "isTemplate": false,
    "count": 0,
    "updated": 0
  },
  {
    "id": "92e3e4f2-e118-43e2-aab8-a4587e3ac317",
    "data": [
      {
        "text": "天氣很",
        "userDefined": false
      },
      {
        "text": "冷",
        "alias": "temperature",
        "meta": "@temperature",
        "userDefined": true
      }
    ],
    "isTemplate": false,
    "count": 0,
    "updated": 0
  },
  {
    "id": "ace6b79d-b5c2-485b-bce2-6b3cf81629c3",
    "data": [
      {
        "text": "明天",
        "alias": "date-time",
        "meta": "@sys.date-time",
        "userDefined": false
      },
      {
        "text": "馬來西亞",
        "alias": "address",
        "meta": "@sys.address",
        "userDefined": true
      },
      {
        "text": "最近的天氣是不是很",
        "userDefined": false
      },
      {
        "text": "冷",
        "alias": "temperature",
        "meta": "@temperature",
        "userDefined": false
      }
    ],
    "isTemplate": false,
    "count": 0,
    "updated": 0
  },
  {
    "id": "510ffac5-c4de-408c-9ed0-3a85207ed6b1",
    "data": [
      {
        "text": "攝氏度",
        "alias": "unit",
        "meta": "@unit-temperature",
        "userDefined": true
      },
      {
        "text": "天氣預報",
        "userDefined": false
      }
    ],
    "isTemplate": false,
    "count": 0,
    "updated": 0
  },
  {
    "id": "fa023126-747c-47f6-b415-10fe489b4bbb",
    "data": [
      {
        "text": "上海",
        "alias": "address",
        "meta": "@sys.address",
        "userDefined": false
      },
      {
        "text": "三天後",
        "alias": "date-time",
        "meta": "@sys.date-time",
        "userDefined": false
      },
      {
        "text": "多少度",
        "userDefined": false
      }
    ],
    "isTemplate": false,
    "count": 0,
    "updated": 0
  }
]