[
  {
    "id": "07d73326-1177-4923-89f6-fcc464864852",
    "data": [
      {
        "text": "hará ",
        "userDefined": false
      },
      {
        "text": "frío",
        "alias": "temperature",
        "meta": "@temperature",
        "userDefined": true
      },
      {
        "text": " ",
        "userDefined": false
      },
      {
        "text": "esta noche",
        "alias": "date-time",
        "meta": "@sys.date-time",
        "userDefined": true
      }
    ],
    "isTemplate": false,
    "count": 0,
    "updated": 0
  },
  {
    "id": "9bc73c5e-674c-4065-a722-abd6acbe9cb0",
    "data": [
      {
        "text": "qué tan ",
        "userDefined": false
      },
      {
        "text": "frío",
        "alias": "temperature",
        "meta": "@temperature",
        "userDefined": true
      },
      {
        "text": " está afuera",
        "userDefined": false
      }
    ],
    "isTemplate": false,
    "count": 0,
    "updated": 0
  },
  {
    "id": "37f218b1-f08b-4d0b-9b7c-88557d6c3db6",
    "data": [
      {
        "text": "muéstrame las temperaturas para el ",
        "userDefined": false
      },
      {
        "text": "22 de agosto",
        "alias": "date-time",
        "meta": "@sys.date-time",
        "userDefined": true
      }
    ],
    "isTemplate": false,
    "count": 0,
    "updated": 0
  },
  {
    "id": "5a8e8f50-ede5-439f-ac2c-885cacc3d65b",
    "data": [
      {
        "text": "temperaturas en ",
        "userDefined": false
      },
      {
        "text": "Ibiza",
        "alias": "address",
        "meta": "@sys.location",
        "userDefined": true
      },
      {
        "text": " en ",
        "userDefined": false
      },
      {
        "text": "agosto",
        "alias": "date-time",
        "meta": "@sys.date-time",
        "userDefined": true
      }
    ],
    "isTemplate": false,
    "count": 0,
    "updated": 0
  },
  {
    "id": "b665ac9d-22f6-403d-a6be-b0cb577d3d42",
    "data": [
      {
        "text": "sabes si ahora hace ",
        "userDefined": false
      },
      {
        "text": "frío",
        "alias": "temperature",
        "meta": "@temperature",
        "userDefined": true
      },
      {
        "text": " fuera",
        "userDefined": false
      }
    ],
    "isTemplate": false,
    "count": 0,
    "updated": 0
  },
  {
    "id": "1fba72f0-5146-4b8d-b39e-b4428cd2d023",
    "data": [
      {
        "text": "qué temperatura hace en ",
        "userDefined": false
      },
      {
        "text": "París",
        "alias": "address",
        "meta": "@sys.location",
        "userDefined": true
      }
    ],
    "isTemplate": false,
    "count": 0,
    "updated": 0
  },
  {
    "id": "9bbc01c4-2dcb-4bee-aa9a-8062338ec751",
    "data": [
      {
        "text": "hará mucho ",
        "userDefined": false
      },
      {
        "text": "calor",
        "alias": "temperature",
        "meta": "@temperature",
        "userDefined": true
      },
      {
        "text": " mañana en ",
        "userDefined": false
      },
      {
        "text": "Londres",
        "alias": "address",
        "meta": "@sys.location",
        "userDefined": true
      }
    ],
    "isTemplate": false,
    "count": 0,
    "updated": 0
  },
  {
    "id": "604b4737-1956-459c-be8a-69dafdb28782",
    "data": [
      {
        "text": "las temperaturas en ",
        "userDefined": false
      },
      {
        "text": "Quito",
        "alias": "address",
        "meta": "@sys.location",
        "userDefined": true
      },
      {
        "text": " en ",
        "userDefined": false
      },
      {
        "text": "Centígrados",
        "alias": "unit",
        "meta": "@unit-temperature",
        "userDefined": true
      }
    ],
    "isTemplate": false,
    "count": 0,
    "updated": 0
  },
  {
    "id": "774c781a-7250-4e8f-ad48-cc402f00bb02",
    "data": [
      {
        "text": "hace mucho ",
        "userDefined": false
      },
      {
        "text": "frío",
        "alias": "temperature",
        "meta": "@temperature",
        "userDefined": true
      },
      {
        "text": " en ",
        "userDefined": false
      },
      {
        "text": "Madrid",
        "alias": "address",
        "meta": "@sys.location",
        "userDefined": true
      }
    ],
    "isTemplate": false,
    "count": 0,
    "updated": 0
  },
  {
    "id": "6a8dea83-515a-4ebd-a4ae-b6883cdaf519",
    "data": [
      {
        "text": "dime qué temperaturas habrá ",
        "userDefined": false
      },
      {
        "text": "mañana",
        "alias": "date-time",
        "meta": "@sys.date-time",
        "userDefined": true
      },
      {
        "text": " en grados ",
        "userDefined": false
      },
      {
        "text": "Fahrenheit",
        "alias": "unit",
        "meta": "@unit-temperature",
        "userDefined": true
      }
    ],
    "isTemplate": false,
    "count": 2,
    "updated": 0
  },
  {
    "id": "4b5733a4-40ce-4f00-8891-06e85cc09c05",
    "data": [
      {
        "text": "temperaturas en ",
        "userDefined": false
      },
      {
        "text": "Lima",
        "alias": "address",
        "meta": "@sys.location",
        "userDefined": true
      },
      {
        "text": " en grados ",
        "userDefined": false
      },
      {
        "text": "Centígrados",
        "alias": "unit",
        "meta": "@unit-temperature",
        "userDefined": true
      }
    ],
    "isTemplate": false,
    "count": 0,
    "updated": 0
  },
  {
    "id": "e90bd53a-be68-4199-96a4-feabcb878a0d",
    "data": [
      {
        "text": "sabes si hace mucho ",
        "userDefined": false
      },
      {
        "text": "frío",
        "alias": "temperature",
        "meta": "@temperature",
        "userDefined": true
      },
      {
        "text": " en ",
        "userDefined": false
      },
      {
        "text": "diciembre",
        "alias": "date-time",
        "meta": "@sys.date-time",
        "userDefined": true
      },
      {
        "text": " en ",
        "userDefined": false
      },
      {
        "text": "Moscú",
        "alias": "address",
        "meta": "@sys.location",
        "userDefined": true
      }
    ],
    "isTemplate": false,
    "count": 0,
    "updated": 0
  },
  {
    "id": "7fa03b47-f26e-4658-a148-792eac310464",
    "data": [
      {
        "text": "hará ",
        "userDefined": false
      },
      {
        "text": "frío",
        "alias": "temperature",
        "meta": "@temperature",
        "userDefined": true
      },
      {
        "text": " ",
        "userDefined": false
      },
      {
        "text": "hoy por la noche",
        "alias": "date-time",
        "meta": "@sys.date-time",
        "userDefined": true
      }
    ],
    "isTemplate": false,
    "count": 0,
    "updated": 0
  },
  {
    "id": "e314a558-4b3d-49c1-b0e7-3d4b7d190767",
    "data": [
      {
        "text": "dime la temperatura en ",
        "userDefined": false
      },
      {
        "text": "Barcelona",
        "alias": "address",
        "meta": "@sys.location",
        "userDefined": true
      },
      {
        "text": " para mañana",
        "userDefined": false
      }
    ],
    "isTemplate": false,
    "count": 0,
    "updated": 0
  },
  {
    "id": "bca7d8d0-8032-4412-82cd-07ae90ed38dc",
    "data": [
      {
        "text": "temperaturas en ",
        "userDefined": false
      },
      {
        "text": "Salamanca",
        "alias": "address",
        "meta": "@sys.location",
        "userDefined": true
      },
      {
        "text": " en ",
        "userDefined": false
      },
      {
        "text": "Fahrenheit",
        "alias": "unit",
        "meta": "@unit-temperature",
        "userDefined": true
      }
    ],
    "isTemplate": false,
    "count": 0,
    "updated": 0
  },
  {
    "id": "37af9f11-430b-4d4c-9e5b-565ebad07b7f",
    "data": [
      {
        "text": "comprueba las temperaturas en ",
        "userDefined": false
      },
      {
        "text": "Mallorca",
        "alias": "address",
        "meta": "@sys.location",
        "userDefined": true
      },
      {
        "text": " para la ",
        "userDefined": false
      },
      {
        "text": "semana que viene",
        "alias": "date-time",
        "meta": "@sys.date-time",
        "userDefined": true
      }
    ],
    "isTemplate": false,
    "count": 0,
    "updated": 0
  },
  {
    "id": "ef692924-442d-49af-987e-43a0743f3a6c",
    "data": [
      {
        "text": "qué temperatura hace",
        "userDefined": false
      }
    ],
    "isTemplate": false,
    "count": 0,
    "updated": 0
  },
  {
    "id": "d7fe3cce-1198-435b-bb23-ec17c32d0fb0",
    "data": [
      {
        "text": "qué temperatura hará el ",
        "userDefined": false
      },
      {
        "text": "17 de noviembre",
        "alias": "date-time",
        "meta": "@sys.date-time",
        "userDefined": true
      },
      {
        "text": " en ",
        "userDefined": false
      },
      {
        "text": "Barcelona",
        "alias": "address",
        "meta": "@sys.location",
        "userDefined": true
      }
    ],
    "isTemplate": false,
    "count": 0,
    "updated": 0
  },
  {
    "id": "6d2f47e9-ede4-4453-877f-dafa5b07959f",
    "data": [
      {
        "text": "qué ",
        "userDefined": false
      },
      {
        "text": "calor",
        "alias": "temperature",
        "meta": "@temperature",
        "userDefined": true
      },
      {
        "text": " hace",
        "userDefined": false
      }
    ],
    "isTemplate": false,
    "count": 0,
    "updated": 0
  },
  {
    "id": "e24d631e-b150-432f-8f3f-ba2f54aa68ee",
    "data": [
      {
        "text": "hace",
        "meta": "@sys.ignore",
        "userDefined": true
      },
      {
        "text": " ",
        "userDefined": false
      },
      {
        "text": "calor",
        "alias": "temperature",
        "meta": "@temperature",
        "userDefined": true
      },
      {
        "text": " afuera",
        "userDefined": false
      }
    ],
    "isTemplate": false,
    "count": 0,
    "updated": 0
  },
  {
    "id": "7ce90980-e007-4694-b337-e8853917a5a3",
    "data": [
      {
        "text": "dime si está ",
        "userDefined": false
      },
      {
        "text": "caluroso",
        "alias": "temperature",
        "meta": "@temperature",
        "userDefined": true
      },
      {
        "text": " afuera",
        "userDefined": false
      }
    ],
    "isTemplate": false,
    "count": 0,
    "updated": 0
  },
  {
    "id": "d6f86d14-0f6e-45ac-a6bb-f68ea7596591",
    "data": [
      {
        "text": "a qué temperatura estamos ",
        "userDefined": false
      },
      {
        "text": "hoy",
        "alias": "date-time",
        "meta": "@sys.date-time",
        "userDefined": true
      },
      {
        "text": " en ",
        "userDefined": false
      },
      {
        "text": "Valladolid",
        "alias": "address",
        "meta": "@sys.location",
        "userDefined": true
      }
    ],
    "isTemplate": false,
    "count": 0,
    "updated": 0
  },
  {
    "id": "ed9e0462-416f-4f2c-9206-462bb8666849",
    "data": [
      {
        "text": "cómo será la temperatura ",
        "userDefined": false
      },
      {
        "text": "mañana",
        "alias": "date-time",
        "meta": "@sys.date-time",
        "userDefined": true
      }
    ],
    "isTemplate": false,
    "count": 0,
    "updated": 0
  }
]