[
  {
    "id": "df77b1c6-1136-43f6-8ff5-d0c453d2d0ba",
    "data": [
      {
        "text": "dije ",
        "userDefined": false
      },
      {
        "text": "mañana",
        "alias": "date-time",
        "meta": "@sys.date-time",
        "userDefined": true
      }
    ],
    "isTemplate": false,
    "count": 0,
    "updated": 0
  },
  {
    "id": "4f573ced-981e-4428-9ca4-e01577583d39",
    "data": [
      {
        "text": "y ",
        "userDefined": false
      },
      {
        "text": "mañana",
        "alias": "date-time",
        "meta": "@sys.date-time",
        "userDefined": true
      },
      {
        "text": " qué tal",
        "userDefined": false
      }
    ],
    "isTemplate": false,
    "count": 0,
    "updated": 0
  },
  {
    "id": "48b03aa8-2239-4e55-8522-8ead3a6b6d71",
    "data": [
      {
        "text": "y ",
        "userDefined": false
      },
      {
        "text": "hoy",
        "alias": "date-time",
        "meta": "@sys.date-time",
        "userDefined": true
      }
    ],
    "isTemplate": false,
    "count": 0,
    "updated": 0
  },
  {
    "id": "93e4f1a9-695c-484b-83e8-1926160082a6",
    "data": [
      {
        "text": "y el ",
        "userDefined": false
      },
      {
        "text": "sábado",
        "alias": "date-time",
        "meta": "@sys.date-time",
        "userDefined": true
      }
    ],
    "isTemplate": false,
    "count": 0,
    "updated": 0
  },
  {
    "id": "e5ad03a6-4758-49a9-928f-a0c16f36d34f",
    "data": [
      {
        "text": "y a las ",
        "userDefined": false
      },
      {
        "text": "9 de la tarde",
        "alias": "date-time",
        "meta": "@sys.date-time",
        "userDefined": true
      }
    ],
    "isTemplate": false,
    "count": 0,
    "updated": 0
  },
  {
    "id": "5a0def1a-b063-4f7f-881b-5ff475ff6829",
    "data": [
      {
        "text": "cómo",
        "meta": "@sys.ignore",
        "userDefined": true
      },
      {
        "text": " estará ",
        "userDefined": false
      },
      {
        "text": "este martes",
        "alias": "date-time",
        "meta": "@sys.date-time",
        "userDefined": true
      }
    ],
    "isTemplate": false,
    "count": 0,
    "updated": 0
  },
  {
    "id": "5f897d1b-062e-4c51-a688-ef23c70c02fe",
    "data": [
      {
        "text": "y por la ",
        "userDefined": false
      },
      {
        "text": "mañana",
        "alias": "date-time",
        "meta": "@sys.date-time",
        "userDefined": true
      },
      {
        "text": " cómo estará",
        "userDefined": false
      }
    ],
    "isTemplate": false,
    "count": 0,
    "updated": 0
  },
  {
    "id": "38783178-3bf8-4bca-8a11-631f8ceab7d9",
    "data": [
      {
        "text": "y ",
        "userDefined": false
      },
      {
        "text": "el 19 de septiembre",
        "alias": "date-time",
        "meta": "@sys.date-time",
        "userDefined": true
      }
    ],
    "isTemplate": false,
    "count": 0,
    "updated": 0
  },
  {
    "id": "4fde790f-6ac5-497e-9e61-38519d3d990e",
    "data": [
      {
        "text": "y para ",
        "userDefined": false
      },
      {
        "text": "este finde",
        "alias": "date-time",
        "meta": "@sys.date-time",
        "userDefined": true
      }
    ],
    "isTemplate": false,
    "count": 0,
    "updated": 0
  }
]