[
  {
    "id": "70988d7e-6f43-43ea-a57b-e9385c4c70b0",
    "data": [
      {
        "text": "y ",
        "userDefined": false
      },
      {
        "text": "mañana",
        "alias": "date-time",
        "meta": "@sys.date-time",
        "userDefined": true
      },
      {
        "text": " en ",
        "userDefined": false
      },
      {
        "text": "Madrid",
        "alias": "address",
        "meta": "@sys.location",
        "userDefined": true
      },
      {
        "text": " cómo estará",
        "userDefined": false
      }
    ],
    "isTemplate": false,
    "count": 0,
    "updated": 0
  },
  {
    "id": "59832adf-1a17-4973-b4e1-56400c068b9b",
    "data": [
      {
        "text": "el ",
        "userDefined": false
      },
      {
        "text": "18 de agosto",
        "alias": "date-time",
        "meta": "@sys.date-time",
        "userDefined": true
      },
      {
        "text": " en ",
        "userDefined": false
      },
      {
        "text": "Los Angeles",
        "alias": "address",
        "meta": "@sys.location",
        "userDefined": true
      }
    ],
    "isTemplate": false,
    "count": 0,
    "updated": 0
  },
  {
    "id": "1c4c9f2e-1058-40e5-adcb-3a28d62b2765",
    "data": [
      {
        "text": "y ",
        "userDefined": false
      },
      {
        "text": "este finde",
        "alias": "date-time",
        "meta": "@sys.date-time",
        "userDefined": true
      },
      {
        "text": " en ",
        "userDefined": false
      },
      {
        "text": "Tenerife",
        "alias": "address",
        "meta": "@sys.location",
        "userDefined": true
      }
    ],
    "isTemplate": false,
    "count": 0,
    "updated": 0
  },
  {
    "id": "6317ca48-a99b-43bf-9e05-4a045bbaeba3",
    "data": [
      {
        "text": "y en ",
        "userDefined": false
      },
      {
        "text": "Mérida",
        "alias": "address",
        "meta": "@sys.location",
        "userDefined": true
      },
      {
        "text": " el ",
        "userDefined": false
      },
      {
        "text": "martes",
        "alias": "date-time",
        "meta": "@sys.date-time",
        "userDefined": true
      }
    ],
    "isTemplate": false,
    "count": 0,
    "updated": 0
  }
]