[
  {
    "id": "eaa9a2f4-0653-421b-a045-7dfe37e43c16",
    "data": [
      {
        "text": "ma",
        "meta": "@sys.ignore",
        "userDefined": false
      },
      {
        "text": " ",
        "userDefined": false
      },
      {
        "text": "veste",
        "alias": "outfit",
        "meta": "@outfit",
        "userDefined": true
      }
    ],
    "isTemplate": false,
    "count": 0,
    "updated": 0
  },
  {
    "id": "11d280e3-6952-4abc-8d06-2637d071e607",
    "data": [
      {
        "text": "et ",
        "userDefined": false
      },
      {
        "text": "ma",
        "meta": "@sys.ignore",
        "userDefined": false
      },
      {
        "text": " ",
        "userDefined": false
      },
      {
        "text": "robe",
        "alias": "outfit",
        "meta": "@outfit",
        "userDefined": false
      }
    ],
    "isTemplate": false,
    "count": 0,
    "updated": 0
  },
  {
    "id": "5f17eeec-b4e3-4c8e-a3ef-111cd50de194",
    "data": [
      {
        "text": "et",
        "meta": "@sys.ignore",
        "userDefined": false
      },
      {
        "text": " ",
        "userDefined": false
      },
      {
        "text": "des",
        "meta": "@sys.ignore",
        "userDefined": false
      },
      {
        "text": " ",
        "userDefined": false
      },
      {
        "text": "lunettes de soleil",
        "alias": "outfit",
        "meta": "@outfit",
        "userDefined": false
      }
    ],
    "isTemplate": false,
    "count": 0,
    "updated": 0
  },
  {
    "id": "5dbc7da5-80bb-469e-bddb-2966f1020c6e",
    "data": [
      {
        "text": "mes ",
        "userDefined": false
      },
      {
        "text": "gants",
        "alias": "outfit",
        "meta": "@outfit",
        "userDefined": false
      },
      {
        "text": " aussi",
        "userDefined": false
      }
    ],
    "isTemplate": false,
    "count": 0,
    "updated": 0
  }
]