[
  {
    "id": "52770b0e-0e3d-4e2b-8911-8e69bae0166a",
    "data": [
      {
        "text": "скажи мне что с погодой ",
        "userDefined": false
      },
      {
        "text": "Париж",
        "alias": "address",
        "meta": "@sys.location",
        "userDefined": true
      }
    ],
    "isTemplate": false,
    "count": 1,
    "updated": 0
  },
  {
    "id": "7b402a4f-2797-4d72-8c92-8b82136250b8",
    "data": [
      {
        "text": "какая сейчас погода в ",
        "userDefined": false
      },
      {
        "text": "Екатеринбурге",
        "alias": "address",
        "meta": "@sys.location",
        "userDefined": true
      }
    ],
    "isTemplate": false,
    "count": 1,
    "updated": 0
  },
  {
    "id": "16f3e496-bd1d-4ee7-90cc-b8e9be3efa53",
    "data": [
      {
        "text": "какая погода в ",
        "userDefined": false
      },
      {
        "text": "Москве",
        "alias": "address",
        "meta": "@sys.location",
        "userDefined": true
      },
      {
        "text": " ",
        "userDefined": false
      },
      {
        "text": "этим утром",
        "alias": "date-time",
        "meta": "@sys.date-time",
        "userDefined": true
      }
    ],
    "isTemplate": false,
    "count": 0,
    "updated": 0
  },
  {
    "id": "993c22bf-3150-410b-9796-db0f1664a10a",
    "data": [
      {
        "text": "теперь прочти прогноз погоды для ",
        "userDefined": false
      },
      {
        "text": "Тамбова",
        "alias": "address",
        "meta": "@sys.location",
        "userDefined": true
      }
    ],
    "isTemplate": false,
    "count": 0,
    "updated": 0
  },
  {
    "id": "a6c6e72b-1692-4fc9-8a70-3b8824bc456d",
    "data": [
      {
        "text": "что за погода будет в ",
        "userDefined": false
      },
      {
        "text": "Токио",
        "alias": "address",
        "meta": "@sys.location",
        "userDefined": true
      },
      {
        "text": " на ",
        "userDefined": false
      },
      {
        "text": "следующей неделе",
        "alias": "date-time",
        "meta": "@sys.date-time",
        "userDefined": true
      }
    ],
    "isTemplate": false,
    "count": 0,
    "updated": 0
  },
  {
    "id": "8e1eab2a-875e-432f-92e5-ae6e86eb2c9e",
    "data": [
      {
        "text": "найди погоду в ",
        "userDefined": false
      },
      {
        "text": "Бангалоре",
        "alias": "address",
        "meta": "@sys.location",
        "userDefined": true
      }
    ],
    "isTemplate": false,
    "count": 0,
    "updated": 0
  },
  {
    "id": "ce543d31-d788-416d-9371-51fc2837ce9e",
    "data": [
      {
        "text": "погода",
        "userDefined": false
      }
    ],
    "isTemplate": false,
    "count": 0,
    "updated": 0
  },
  {
    "id": "1c24d76e-4c50-4d90-a182-75a3e9df1832",
    "data": [
      {
        "text": "прогноз погоды на ",
        "userDefined": false
      },
      {
        "text": "завтра",
        "alias": "date-time",
        "meta": "@sys.date-time",
        "userDefined": true
      },
      {
        "text": " ",
        "userDefined": false
      },
      {
        "text": "Брюссель",
        "alias": "address",
        "meta": "@sys.location",
        "userDefined": true
      }
    ],
    "isTemplate": false,
    "count": 0,
    "updated": 0
  },
  {
    "id": "93cee147-2e24-4608-a689-0e40be8b24fd",
    "data": [
      {
        "text": "что с температурой в ",
        "userDefined": false
      },
      {
        "text": "Лондоне",
        "alias": "address",
        "meta": "@sys.location",
        "userDefined": true
      }
    ],
    "isTemplate": false,
    "count": 1,
    "updated": 0
  },
  {
    "id": "c4b42f93-51b9-4d66-bb83-b85ad10c5915",
    "data": [
      {
        "text": "температура в ",
        "userDefined": false
      },
      {
        "text": "Париже",
        "alias": "address",
        "meta": "@sys.location",
        "userDefined": true
      },
      {
        "text": " в градусах ",
        "userDefined": false
      },
      {
        "text": "Цельсия",
        "alias": "unit",
        "meta": "@unit-temperature",
        "userDefined": true
      }
    ],
    "isTemplate": false,
    "count": 0,
    "updated": 0
  },
  {
    "id": "90e93206-463b-49df-aed0-d1ac475b5d98",
    "data": [
      {
        "text": "что за погодка",
        "userDefined": false
      }
    ],
    "isTemplate": false,
    "count": 0,
    "updated": 0
  },
  {
    "id": "2f194718-b576-4cc5-8e13-22e714b9ccbf",
    "data": [
      {
        "text": "погода ",
        "userDefined": false
      },
      {
        "text": "сегодня",
        "alias": "date-time",
        "meta": "@sys.date-time",
        "userDefined": true
      }
    ],
    "isTemplate": false,
    "count": 0,
    "updated": 0
  },
  {
    "id": "ca4b3742-9ef0-473e-95f7-403b9cf73fbf",
    "data": [
      {
        "text": "прогноз погоды для ",
        "userDefined": false
      },
      {
        "text": "Канады",
        "alias": "address",
        "meta": "@sys.location",
        "userDefined": true
      },
      {
        "text": " ",
        "userDefined": false
      },
      {
        "text": "следующая неделя",
        "alias": "date-time",
        "meta": "@sys.date-time",
        "userDefined": true
      }
    ],
    "isTemplate": false,
    "count": 0,
    "updated": 0
  },
  {
    "id": "27db191c-7bd1-42e7-8db2-b49ec5869719",
    "data": [
      {
        "text": "завтрашняя",
        "alias": "date-time",
        "meta": "@sys.date-time",
        "userDefined": true
      },
      {
        "text": " погода",
        "userDefined": false
      }
    ],
    "isTemplate": false,
    "count": 0,
    "updated": 0
  },
  {
    "id": "10a623bb-7202-473a-b040-178dbe24a584",
    "data": [
      {
        "text": "покажи погоду на ",
        "userDefined": false
      },
      {
        "text": "сегодня",
        "alias": "date-time",
        "meta": "@sys.date-time",
        "userDefined": true
      }
    ],
    "isTemplate": false,
    "count": 0,
    "updated": 0
  },
  {
    "id": "216f4c31-cb59-465b-b3fa-b71d114aace6",
    "data": [
      {
        "text": "какая погода ",
        "userDefined": false
      },
      {
        "text": "завтра",
        "alias": "date-time",
        "meta": "@sys.date-time",
        "userDefined": true
      },
      {
        "text": " в ",
        "userDefined": false
      },
      {
        "text": "Барселоне",
        "alias": "address",
        "meta": "@sys.location",
        "userDefined": true
      }
    ],
    "isTemplate": false,
    "count": 1,
    "updated": 0
  },
  {
    "id": "9b403626-73f5-406d-b274-f0140308664b",
    "data": [
      {
        "text": "погода в ",
        "userDefined": false
      },
      {
        "text": "Новосибирске",
        "alias": "address",
        "meta": "@sys.location",
        "userDefined": true
      }
    ],
    "isTemplate": false,
    "count": 0,
    "updated": 0
  },
  {
    "id": "51f04365-cc60-4f69-b793-15689ef4c17c",
    "data": [
      {
        "text": "хотел бы узнать погоду",
        "userDefined": false
      }
    ],
    "isTemplate": false,
    "count": 0,
    "updated": 0
  },
  {
    "id": "4f915232-3f05-4d02-ab65-a15ccbfa99e2",
    "data": [
      {
        "text": "погода для города ",
        "userDefined": false
      },
      {
        "text": "Париж",
        "alias": "address",
        "meta": "@sys.location",
        "userDefined": true
      }
    ],
    "isTemplate": false,
    "count": 0,
    "updated": 0
  },
  {
    "id": "8ae2ba45-961c-41e4-8dc5-857b33e556d9",
    "data": [
      {
        "text": "покажи температуру в ",
        "userDefined": false
      },
      {
        "text": "Риме",
        "alias": "address",
        "meta": "@sys.location",
        "userDefined": true
      },
      {
        "text": " по ",
        "userDefined": false
      },
      {
        "text": "Фаренгейту",
        "alias": "unit",
        "meta": "@unit-temperature",
        "userDefined": true
      }
    ],
    "isTemplate": false,
    "count": 0,
    "updated": 0
  },
  {
    "id": "8e873e90-f4be-46d7-96a2-ab676bcbc613",
    "data": [
      {
        "text": "погода сейчас ",
        "userDefined": false
      },
      {
        "text": "Амстердам",
        "alias": "address",
        "meta": "@sys.location",
        "userDefined": true
      }
    ],
    "isTemplate": false,
    "count": 0,
    "updated": 0
  },
  {
    "id": "47ebfb34-1460-45fa-9ce1-812aa43269ad",
    "data": [
      {
        "text": "что ожидается в ",
        "userDefined": false
      },
      {
        "text": "Москве",
        "alias": "address",
        "meta": "@sys.location",
        "userDefined": true
      },
      {
        "text": " погода",
        "userDefined": false
      }
    ],
    "isTemplate": false,
    "count": 1,
    "updated": 0
  },
  {
    "id": "a150e171-ba40-4846-a2a6-3cb66917fd53",
    "data": [
      {
        "text": "покажи погоду в градусах ",
        "userDefined": false
      },
      {
        "text": "Фаренгейта",
        "alias": "unit",
        "meta": "@unit-temperature",
        "userDefined": true
      }
    ],
    "isTemplate": false,
    "count": 0,
    "updated": 0
  },
  {
    "id": "4d993276-11c3-43d2-b673-543a71237e74",
    "data": [
      {
        "text": "погода ",
        "userDefined": false
      },
      {
        "text": "Ростова-на-Дону",
        "alias": "address",
        "meta": "@sys.location",
        "userDefined": true
      }
    ],
    "isTemplate": false,
    "count": 0,
    "updated": 0
  },
  {
    "id": "3438c2a3-1654-4b65-ba70-a88cdf56083f",
    "data": [
      {
        "text": "прогноз погоды в ",
        "userDefined": false
      },
      {
        "text": "Денвере",
        "alias": "address",
        "meta": "@sys.location",
        "userDefined": true
      }
    ],
    "isTemplate": false,
    "count": 0,
    "updated": 0
  },
  {
    "id": "4f5206b0-70c1-4775-9249-44315995deb5",
    "data": [
      {
        "text": "погода завтра ",
        "userDefined": false
      },
      {
        "text": "Санкт-Петербург",
        "alias": "address",
        "meta": "@sys.location",
        "userDefined": true
      }
    ],
    "isTemplate": false,
    "count": 0,
    "updated": 0
  },
  {
    "id": "1d10d098-a867-4af4-8174-758bd6237be5",
    "data": [
      {
        "text": "какую погоду ожидают ",
        "userDefined": false
      },
      {
        "text": "на этой неделе",
        "alias": "date-time",
        "meta": "@sys.date-time",
        "userDefined": true
      }
    ],
    "isTemplate": false,
    "count": 0,
    "updated": 0
  },
  {
    "id": "820e9460-98f6-4df0-9b92-12736c5fc412",
    "data": [
      {
        "text": "погода ",
        "userDefined": false
      },
      {
        "text": "этим вечером",
        "alias": "date-time",
        "meta": "@sys.date-time",
        "userDefined": true
      }
    ],
    "isTemplate": false,
    "count": 0,
    "updated": 0
  },
  {
    "id": "2feacebd-8ea6-415f-a39c-475d73b80add",
    "data": [
      {
        "text": "какая ",
        "userDefined": false
      },
      {
        "text": "завтра",
        "alias": "date-time",
        "meta": "@sys.date-time",
        "userDefined": true
      },
      {
        "text": " будет погода",
        "userDefined": false
      }
    ],
    "isTemplate": false,
    "count": 0,
    "updated": 0
  },
  {
    "id": "866b84ba-3883-4b14-a370-4722c833efe9",
    "data": [
      {
        "text": "погода в ",
        "userDefined": false
      },
      {
        "text": "Москве",
        "alias": "address",
        "meta": "@sys.location",
        "userDefined": true
      },
      {
        "text": " ",
        "userDefined": false
      },
      {
        "text": "через 5 дней",
        "alias": "date-time",
        "meta": "@sys.date-time",
        "userDefined": true
      }
    ],
    "isTemplate": false,
    "count": 1,
    "updated": 0
  },
  {
    "id": "724d4e96-0bfd-4ef0-8756-4bfa2796d478",
    "data": [
      {
        "text": "мне нужна погода на ",
        "userDefined": false
      },
      {
        "text": "22 июля",
        "alias": "date-time",
        "meta": "@sys.date-time",
        "userDefined": true
      }
    ],
    "isTemplate": false,
    "count": 0,
    "updated": 0
  },
  {
    "id": "58a55efa-ea5b-4f29-9f4c-b1166fe99681",
    "data": [
      {
        "text": "прогноз погоды ",
        "userDefined": false
      },
      {
        "text": "на вторник",
        "alias": "date-time",
        "meta": "@sys.date-time",
        "userDefined": true
      }
    ],
    "isTemplate": false,
    "count": 0,
    "updated": 0
  },
  {
    "id": "9b817ed9-5e35-4408-8616-84c0209e91eb",
    "data": [
      {
        "text": "какой будет погода в ",
        "userDefined": false
      },
      {
        "text": "выходные",
        "alias": "date-time",
        "meta": "@sys.date-time",
        "userDefined": true
      }
    ],
    "isTemplate": false,
    "count": 0,
    "updated": 0
  },
  {
    "id": "8b3cbe07-2709-4598-8077-236b7e6b4ac3",
    "data": [
      {
        "text": "прогноз погоды ",
        "userDefined": false
      },
      {
        "text": "Москва",
        "alias": "address",
        "meta": "@sys.location",
        "userDefined": true
      }
    ],
    "isTemplate": false,
    "count": 0,
    "updated": 0
  },
  {
    "id": "975f2973-4c73-47df-b5bb-5058a21d17ba",
    "data": [
      {
        "text": "погода ",
        "userDefined": false
      },
      {
        "text": "завтра",
        "alias": "date-time",
        "meta": "@sys.date-time",
        "userDefined": true
      },
      {
        "text": " в ",
        "userDefined": false
      },
      {
        "text": "Москве",
        "alias": "address",
        "meta": "@sys.location",
        "userDefined": true
      }
    ],
    "isTemplate": false,
    "count": 1,
    "updated": 0
  },
  {
    "id": "93da1909-b5ee-482d-b577-af1e42543710",
    "data": [
      {
        "text": "какой была погода ",
        "userDefined": false
      },
      {
        "text": "3 марта",
        "alias": "date-time",
        "meta": "@sys.date-time",
        "userDefined": true
      },
      {
        "text": " в ",
        "userDefined": false
      },
      {
        "text": "Ялте",
        "alias": "address",
        "meta": "@sys.location",
        "userDefined": true
      }
    ],
    "isTemplate": false,
    "count": 0,
    "updated": 0
  },
  {
    "id": "bbd4edd9-d289-459f-8967-3a944c0c0109",
    "data": [
      {
        "text": "погода в ",
        "userDefined": false
      },
      {
        "text": "Сиэтл",
        "alias": "address",
        "meta": "@sys.location",
        "userDefined": true
      }
    ],
    "isTemplate": false,
    "count": 0,
    "updated": 0
  },
  {
    "id": "e09b9fdf-0913-479a-bf09-d6fa1992e93e",
    "data": [
      {
        "text": "покажи мне погоду",
        "userDefined": false
      }
    ],
    "isTemplate": false,
    "count": 0,
    "updated": 0
  },
  {
    "id": "a45de2ba-48f7-4c31-ba48-adf57c707646",
    "data": [
      {
        "text": "что за погода в ",
        "userDefined": false
      },
      {
        "text": "Риме",
        "alias": "address",
        "meta": "@sys.location",
        "userDefined": true
      }
    ],
    "isTemplate": false,
    "count": 0,
    "updated": 0
  },
  {
    "id": "695962e3-8791-4bd2-81c3-7a81692f66bc",
    "data": [
      {
        "text": "что за погода ",
        "userDefined": false
      },
      {
        "text": "завтра",
        "alias": "date-time",
        "meta": "@sys.date-time",
        "userDefined": true
      },
      {
        "text": " в ",
        "userDefined": false
      },
      {
        "text": "Нью-Йорке",
        "alias": "address",
        "meta": "@sys.location",
        "userDefined": true
      }
    ],
    "isTemplate": false,
    "count": 0,
    "updated": 0
  },
  {
    "id": "749a667d-f4b3-47c5-9e71-7b16d075b1bd",
    "data": [
      {
        "text": "прогноз погоды",
        "userDefined": false
      }
    ],
    "isTemplate": false,
    "count": 0,
    "updated": 0
  },
  {
    "id": "bc3ada3c-74bf-4c62-92f8-cd3604ff1457",
    "data": [
      {
        "text": "что там на улице с погодой",
        "userDefined": false
      }
    ],
    "isTemplate": false,
    "count": 0,
    "updated": 0
  },
  {
    "id": "4d4cd208-e69c-4486-906f-be440b2d19b3",
    "data": [
      {
        "text": "что сейчас за погода в ",
        "userDefined": false
      },
      {
        "text": "Керале",
        "alias": "address",
        "meta": "@sys.location",
        "userDefined": true
      }
    ],
    "isTemplate": false,
    "count": 0,
    "updated": 0
  },
  {
    "id": "a8229dcf-fea3-4df3-bd04-01d8736aa856",
    "data": [
      {
        "text": "погода в ",
        "userDefined": false
      },
      {
        "text": "Бруклине",
        "alias": "address",
        "meta": "@sys.location",
        "userDefined": true
      },
      {
        "text": " в ",
        "userDefined": false
      },
      {
        "text": "Цельсиях",
        "alias": "unit",
        "meta": "@unit-temperature",
        "userDefined": true
      }
    ],
    "isTemplate": false,
    "count": 0,
    "updated": 0
  },
  {
    "id": "93fce3cb-71f7-4117-8870-98975e97bbdc",
    "data": [
      {
        "text": "покажи что за погода будет ",
        "userDefined": false
      },
      {
        "text": "завтра",
        "alias": "date-time",
        "meta": "@sys.date-time",
        "userDefined": true
      },
      {
        "text": " в ",
        "userDefined": false
      },
      {
        "text": "Берлине",
        "alias": "address",
        "meta": "@sys.location",
        "userDefined": true
      }
    ],
    "isTemplate": false,
    "count": 0,
    "updated": 0
  },
  {
    "id": "231b9ace-8d74-4e53-9904-a919189802d6",
    "data": [
      {
        "text": "расскажи мне про погоду на ",
        "userDefined": false
      },
      {
        "text": "следующей неделе",
        "alias": "date-time",
        "meta": "@sys.date-time",
        "userDefined": true
      }
    ],
    "isTemplate": false,
    "count": 0,
    "updated": 0
  },
  {
    "id": "45963889-4154-4300-bccd-f15ab02820df",
    "data": [
      {
        "text": "погода ",
        "userDefined": false
      },
      {
        "text": "Дубаи",
        "alias": "address",
        "meta": "@sys.location",
        "userDefined": true
      }
    ],
    "isTemplate": false,
    "count": 0,
    "updated": 0
  },
  {
    "id": "60719af6-5179-44cc-9f4b-e0672b027c20",
    "data": [
      {
        "text": "хотелось бы знать что за погода в ",
        "userDefined": false
      },
      {
        "text": "Мадриде",
        "alias": "address",
        "meta": "@sys.location",
        "userDefined": true
      }
    ],
    "isTemplate": false,
    "count": 0,
    "updated": 0
  },
  {
    "id": "cebd09b0-6feb-4ed1-a39f-3597fbe04979",
    "data": [
      {
        "text": "что за погода ожидается в ",
        "userDefined": false
      },
      {
        "text": "Минске",
        "alias": "address",
        "meta": "@sys.location",
        "userDefined": true
      }
    ],
    "isTemplate": false,
    "count": 0,
    "updated": 0
  },
  {
    "id": "1684c737-fef9-4fd9-9055-58bb812e7bb6",
    "data": [
      {
        "text": "какой будет погода",
        "userDefined": false
      }
    ],
    "isTemplate": false,
    "count": 0,
    "updated": 0
  },
  {
    "id": "96112635-00e5-48e6-8e41-7008f2f32e11",
    "data": [
      {
        "text": "погода ",
        "userDefined": false
      },
      {
        "text": "Милан",
        "alias": "address",
        "meta": "@sys.location",
        "userDefined": true
      },
      {
        "text": " ",
        "userDefined": false
      },
      {
        "text": "среда",
        "alias": "date-time",
        "meta": "@sys.date-time",
        "userDefined": true
      }
    ],
    "isTemplate": false,
    "count": 0,
    "updated": 0
  }
]