[
  {
    "id": "c42f5604-5182-4c2c-a3eb-16917026bcb3",
    "data": [
      {
        "text": "还需要",
        "userDefined": false
      },
      {
        "text": "自行车",
        "alias": "activity",
        "meta": "@activity",
        "userDefined": false
      }
    ],
    "isTemplate": false,
    "count": 0,
    "updated": 0
  },
  {
    "id": "4f53e1f3-1fab-4446-bb56-11c6861f99c1",
    "data": [
      {
        "text": "还要",
        "userDefined": false
      },
      {
        "text": "滑雪",
        "alias": "activity",
        "meta": "@activity",
        "userDefined": false
      }
    ],
    "isTemplate": false,
    "count": 0,
    "updated": 0
  },
  {
    "id": "f0c9ed7f-bca5-4597-be2b-1effe157b9ae",
    "data": [
      {
        "text": "能不能",
        "userDefined": false
      },
      {
        "text": "攀登",
        "alias": "activity",
        "meta": "@activity",
        "userDefined": false
      }
    ],
    "isTemplate": false,
    "count": 0,
    "updated": 0
  },
  {
    "id": "8243a7f5-90f8-413b-babf-bb1e66bc4441",
    "data": [
      {
        "text": "会不会",
        "userDefined": false
      },
      {
        "text": "游泳",
        "alias": "activity",
        "meta": "@activity",
        "userDefined": false
      }
    ],
    "isTemplate": false,
    "count": 0,
    "updated": 0
  },
  {
    "id": "cae8507f-9de5-4037-834c-cc7eb884bd95",
    "data": [
      {
        "text": "关",
        "meta": "@sys.ignore",
        "userDefined": false
      },
      {
        "text": "于",
        "userDefined": false
      },
      {
        "text": "步行",
        "alias": "activity",
        "meta": "@activity",
        "userDefined": false
      }
    ],
    "isTemplate": false,
    "count": 0,
    "updated": 0
  },
  {
    "id": "90d645d8-96aa-48e0-a164-4e7c27393324",
    "data": [
      {
        "text": "怎么能",
        "userDefined": false
      },
      {
        "text": "滑翔伞",
        "alias": "activity",
        "meta": "@activity",
        "userDefined": false
      }
    ],
    "isTemplate": false,
    "count": 0,
    "updated": 0
  },
  {
    "id": "f0a1ec9b-34b8-4ff1-a409-b3d90e83e439",
    "data": [
      {
        "text": "现在",
        "userDefined": false
      },
      {
        "text": "冲浪",
        "alias": "activity",
        "meta": "@activity",
        "userDefined": false
      }
    ],
    "isTemplate": false,
    "count": 0,
    "updated": 0
  },
  {
    "id": "833fa37b-21e8-41a9-893b-cebac9d4dd64",
    "data": [
      {
        "text": "还能不能",
        "userDefined": false
      },
      {
        "text": "打雪仗",
        "alias": "activity",
        "meta": "@activity",
        "userDefined": false
      }
    ],
    "isTemplate": false,
    "count": 0,
    "updated": 0
  },
  {
    "id": "a7fd4694-f5db-40c6-86c0-5077912ce66c",
    "data": [
      {
        "text": "我还很想",
        "userDefined": false
      },
      {
        "text": "跑步",
        "alias": "activity",
        "meta": "@activity",
        "userDefined": false
      }
    ],
    "isTemplate": false,
    "count": 0,
    "updated": 0
  },
  {
    "id": "7e47df35-97b2-4ce8-a537-a51aa4a25b2f",
    "data": [
      {
        "text": "我还要",
        "userDefined": false
      },
      {
        "text": "单板滑雪",
        "alias": "activity",
        "meta": "@activity",
        "userDefined": false
      }
    ],
    "isTemplate": false,
    "count": 0,
    "updated": 0
  }
]