[
  {
    "id": "c66e292c-16ce-4ecd-93ec-75b0c2503bd7",
    "data": [
      {
        "text": "じゃあ",
        "userDefined": false
      },
      {
        "text": "ロンドン",
        "alias": "address",
        "meta": "@sys.location",
        "userDefined": true
      },
      {
        "text": "は",
        "userDefined": false
      }
    ],
    "isTemplate": false,
    "count": 0,
    "updated": 0
  },
  {
    "id": "0f3b281f-d261-424e-814b-dcae6a89600a",
    "data": [
      {
        "text": "パリ",
        "alias": "address",
        "meta": "@sys.location",
        "userDefined": true
      },
      {
        "text": "は",
        "userDefined": false
      }
    ],
    "isTemplate": false,
    "count": 0,
    "updated": 0
  },
  {
    "id": "3d14c925-b19a-4004-8d1a-87d91d3b5bc9",
    "data": [
      {
        "text": "沖縄",
        "alias": "address",
        "meta": "@sys.location",
        "userDefined": true
      },
      {
        "text": "はどう",
        "userDefined": false
      }
    ],
    "isTemplate": false,
    "count": 0,
    "updated": 0
  },
  {
    "id": "6922720a-84ec-4534-8851-3f1fb0be082a",
    "data": [
      {
        "text": "東京",
        "alias": "address",
        "meta": "@sys.location",
        "userDefined": true
      }
    ],
    "isTemplate": false,
    "count": 0,
    "updated": 0
  },
  {
    "id": "aa268221-93a1-43fb-889e-47d7cb8414c3",
    "data": [
      {
        "text": "仙台",
        "alias": "address",
        "meta": "@sys.location",
        "userDefined": true
      },
      {
        "text": "はどうなりますか",
        "userDefined": false
      }
    ],
    "isTemplate": false,
    "count": 0,
    "updated": 0
  },
  {
    "id": "f45ad1be-804b-48c3-8e0d-77488feffa67",
    "data": [
      {
        "text": "サンフランシスコ",
        "alias": "address",
        "meta": "@sys.location",
        "userDefined": true
      },
      {
        "text": "を調べて",
        "userDefined": false
      }
    ],
    "isTemplate": false,
    "count": 0,
    "updated": 0
  },
  {
    "id": "6231002f-50ab-4e4f-b07f-df68b03a76d7",
    "data": [
      {
        "text": "さいたま市",
        "alias": "address",
        "meta": "@sys.location",
        "userDefined": true
      },
      {
        "text": "はどうですか",
        "userDefined": false
      }
    ],
    "isTemplate": false,
    "count": 0,
    "updated": 0
  },
  {
    "id": "829f0c1a-8adb-4664-b6d9-ec9d53c9f900",
    "data": [
      {
        "text": "現在の",
        "userDefined": false
      },
      {
        "text": "新潟市",
        "alias": "address",
        "meta": "@sys.location",
        "userDefined": true
      }
    ],
    "isTemplate": false,
    "count": 0,
    "updated": 0
  }
]